image_id,label
test_images\200001.jpg,0
test_images\200002.jpg,0
test_images\200003.jpg,0
test_images\200004.jpg,0
test_images\200005.jpg,0
test_images\200006.jpg,0
test_images\200007.jpg,0
test_images\200008.jpg,0
test_images\200009.jpg,0
test_images\200010.jpg,0
test_images\200011.jpg,0
test_images\200012.jpg,0
test_images\200013.jpg,0
test_images\200014.jpg,0
test_images\200015.jpg,0
test_images\200016.jpg,0
test_images\200017.jpg,0
test_images\200018.jpg,0
test_images\200019.jpg,0
test_images\200020.jpg,0
test_images\200021.jpg,0
test_images\200022.jpg,0
test_images\200023.jpg,0
test_images\200024.jpg,0
test_images\200025.jpg,0
test_images\200026.jpg,0
test_images\200027.jpg,0
test_images\200028.jpg,0
test_images\200029.jpg,0
test_images\200030.jpg,0
test_images\200031.jpg,0
test_images\200032.jpg,0
test_images\200033.jpg,0
test_images\200034.jpg,0
test_images\200035.jpg,0
test_images\200036.jpg,0
test_images\200037.jpg,0
test_images\200038.jpg,0
test_images\200039.jpg,0
test_images\200040.jpg,0
test_images\200041.jpg,0
test_images\200042.jpg,0
test_images\200043.jpg,0
test_images\200044.jpg,0
test_images\200045.jpg,0
test_images\200046.jpg,0
test_images\200047.jpg,0
test_images\200048.jpg,0
test_images\200049.jpg,0
test_images\200050.jpg,0
test_images\200051.jpg,0
test_images\200052.jpg,0
test_images\200053.jpg,0
test_images\200054.jpg,0
test_images\200055.jpg,0
test_images\200056.jpg,0
test_images\200057.jpg,0
test_images\200058.jpg,0
test_images\200059.jpg,0
test_images\200060.jpg,0
test_images\200061.jpg,0
test_images\200062.jpg,0
test_images\200063.jpg,0
test_images\200064.jpg,0
test_images\200065.jpg,0
test_images\200066.jpg,0
test_images\200067.jpg,0
test_images\200068.jpg,0
test_images\200069.jpg,0
test_images\200070.jpg,0
test_images\200071.jpg,0
test_images\200072.jpg,0
test_images\200073.jpg,0
test_images\200074.jpg,0
test_images\200075.jpg,0
test_images\200076.jpg,0
test_images\200077.jpg,0
test_images\200078.jpg,0
test_images\200079.jpg,0
test_images\200080.jpg,0
test_images\200081.jpg,0
test_images\200082.jpg,0
test_images\200083.jpg,0
test_images\200084.jpg,0
test_images\200085.jpg,0
test_images\200086.jpg,0
test_images\200087.jpg,0
test_images\200088.jpg,0
test_images\200089.jpg,0
test_images\200090.jpg,0
test_images\200091.jpg,0
test_images\200092.jpg,0
test_images\200093.jpg,0
test_images\200094.jpg,0
test_images\200095.jpg,0
test_images\200096.jpg,0
test_images\200097.jpg,0
test_images\200098.jpg,0
test_images\200099.jpg,0
test_images\200100.jpg,0
test_images\200101.jpg,0
test_images\200102.jpg,0
test_images\200103.jpg,0
test_images\200104.jpg,0
test_images\200105.jpg,0
test_images\200106.jpg,0
test_images\200107.jpg,0
test_images\200108.jpg,0
test_images\200109.jpg,0
test_images\200110.jpg,0
test_images\200111.jpg,0
test_images\200112.jpg,0
test_images\200113.jpg,0
test_images\200114.jpg,0
test_images\200115.jpg,0
test_images\200116.jpg,0
test_images\200117.jpg,0
test_images\200118.jpg,0
test_images\200119.jpg,0
test_images\200120.jpg,0
test_images\200121.jpg,0
test_images\200122.jpg,0
test_images\200123.jpg,0
test_images\200124.jpg,0
test_images\200125.jpg,0
test_images\200126.jpg,0
test_images\200127.jpg,0
test_images\200128.jpg,0
test_images\200129.jpg,0
test_images\200130.jpg,0
test_images\200131.jpg,0
test_images\200132.jpg,0
test_images\200133.jpg,0
test_images\200134.jpg,0
test_images\200135.jpg,0
test_images\200136.jpg,0
test_images\200137.jpg,0
test_images\200138.jpg,0
test_images\200139.jpg,0
test_images\200140.jpg,0
test_images\200141.jpg,0
test_images\200142.jpg,0
test_images\200143.jpg,0
test_images\200144.jpg,0
test_images\200145.jpg,0
test_images\200146.jpg,0
test_images\200147.jpg,0
test_images\200148.jpg,0
test_images\200149.jpg,0
test_images\200150.jpg,0
test_images\200151.jpg,0
test_images\200152.jpg,0
test_images\200153.jpg,0
test_images\200154.jpg,0
test_images\200155.jpg,0
test_images\200156.jpg,0
test_images\200157.jpg,0
test_images\200158.jpg,0
test_images\200159.jpg,0
test_images\200160.jpg,0
test_images\200161.jpg,0
test_images\200162.jpg,0
test_images\200163.jpg,0
test_images\200164.jpg,0
test_images\200165.jpg,0
test_images\200166.jpg,0
test_images\200167.jpg,0
test_images\200168.jpg,0
test_images\200169.jpg,0
test_images\200170.jpg,0
test_images\200171.jpg,0
test_images\200172.jpg,0
test_images\200173.jpg,0
test_images\200174.jpg,0
test_images\200175.jpg,0
test_images\200176.jpg,0
test_images\200177.jpg,0
test_images\200178.jpg,0
test_images\200179.jpg,0
test_images\200180.jpg,0
test_images\200181.jpg,0
test_images\200182.jpg,0
test_images\200183.jpg,0
test_images\200184.jpg,0
test_images\200185.jpg,0
test_images\200186.jpg,0
test_images\200187.jpg,0
test_images\200188.jpg,0
test_images\200189.jpg,0
test_images\200190.jpg,0
test_images\200191.jpg,0
test_images\200192.jpg,0
test_images\200193.jpg,0
test_images\200194.jpg,0
test_images\200195.jpg,0
test_images\200196.jpg,0
test_images\200197.jpg,0
test_images\200198.jpg,0
test_images\200199.jpg,0
test_images\200200.jpg,0
test_images\200201.jpg,0
test_images\200202.jpg,0
test_images\200203.jpg,0
test_images\200204.jpg,0
test_images\200205.jpg,0
test_images\200206.jpg,0
test_images\200207.jpg,0
test_images\200208.jpg,0
test_images\200209.jpg,0
test_images\200210.jpg,0
test_images\200211.jpg,0
test_images\200212.jpg,0
test_images\200213.jpg,0
test_images\200214.jpg,0
test_images\200215.jpg,0
test_images\200216.jpg,0
test_images\200217.jpg,0
test_images\200218.jpg,0
test_images\200219.jpg,0
test_images\200220.jpg,0
test_images\200221.jpg,0
test_images\200222.jpg,0
test_images\200223.jpg,0
test_images\200224.jpg,0
test_images\200225.jpg,0
test_images\200226.jpg,0
test_images\200227.jpg,0
test_images\200228.jpg,0
test_images\200229.jpg,0
test_images\200230.jpg,0
test_images\200231.jpg,0
test_images\200232.jpg,0
test_images\200233.jpg,0
test_images\200234.jpg,0
test_images\200235.jpg,0
test_images\200236.jpg,0
test_images\200237.jpg,0
test_images\200238.jpg,0
test_images\200239.jpg,0
test_images\200240.jpg,0
test_images\200241.jpg,0
test_images\200242.jpg,0
test_images\200243.jpg,0
test_images\200244.jpg,0
test_images\200245.jpg,0
test_images\200246.jpg,0
test_images\200247.jpg,0
test_images\200248.jpg,0
test_images\200249.jpg,0
test_images\200250.jpg,0
test_images\200251.jpg,0
test_images\200252.jpg,0
test_images\200253.jpg,0
test_images\200254.jpg,0
test_images\200255.jpg,0
test_images\200256.jpg,0
test_images\200257.jpg,0
test_images\200258.jpg,0
test_images\200259.jpg,0
test_images\200260.jpg,0
test_images\200261.jpg,0
test_images\200262.jpg,0
test_images\200263.jpg,0
test_images\200264.jpg,0
test_images\200265.jpg,0
test_images\200266.jpg,0
test_images\200267.jpg,0
test_images\200268.jpg,0
test_images\200269.jpg,0
test_images\200270.jpg,0
test_images\200271.jpg,0
test_images\200272.jpg,0
test_images\200273.jpg,0
test_images\200274.jpg,0
test_images\200275.jpg,0
test_images\200276.jpg,0
test_images\200277.jpg,0
test_images\200278.jpg,0
test_images\200279.jpg,0
test_images\200280.jpg,0
test_images\200281.jpg,0
test_images\200282.jpg,0
test_images\200283.jpg,0
test_images\200284.jpg,0
test_images\200285.jpg,0
test_images\200286.jpg,0
test_images\200287.jpg,0
test_images\200288.jpg,0
test_images\200289.jpg,0
test_images\200290.jpg,0
test_images\200291.jpg,0
test_images\200292.jpg,0
test_images\200293.jpg,0
test_images\200294.jpg,0
test_images\200295.jpg,0
test_images\200296.jpg,0
test_images\200297.jpg,0
test_images\200298.jpg,0
test_images\200299.jpg,0
test_images\200300.jpg,0
test_images\200301.jpg,0
test_images\200302.jpg,0
test_images\200303.jpg,0
test_images\200304.jpg,0
test_images\200305.jpg,0
test_images\200306.jpg,0
test_images\200307.jpg,0
test_images\200308.jpg,0
test_images\200309.jpg,0
test_images\200310.jpg,0
test_images\200311.jpg,0
test_images\200312.jpg,0
test_images\200313.jpg,0
test_images\200314.jpg,0
test_images\200315.jpg,0
test_images\200316.jpg,0
test_images\200317.jpg,0
test_images\200318.jpg,0
test_images\200319.jpg,0
test_images\200320.jpg,0
test_images\200321.jpg,0
test_images\200322.jpg,0
test_images\200323.jpg,0
test_images\200324.jpg,0
test_images\200325.jpg,0
test_images\200326.jpg,0
test_images\200327.jpg,0
test_images\200328.jpg,0
test_images\200329.jpg,0
test_images\200330.jpg,0
test_images\200331.jpg,0
test_images\200332.jpg,0
test_images\200333.jpg,0
test_images\200334.jpg,0
test_images\200335.jpg,0
test_images\200336.jpg,0
test_images\200337.jpg,0
test_images\200338.jpg,0
test_images\200339.jpg,0
test_images\200340.jpg,0
test_images\200341.jpg,0
test_images\200342.jpg,0
test_images\200343.jpg,0
test_images\200344.jpg,0
test_images\200345.jpg,0
test_images\200346.jpg,0
test_images\200347.jpg,0
test_images\200348.jpg,0
test_images\200349.jpg,0
test_images\200350.jpg,0
test_images\200351.jpg,0
test_images\200352.jpg,0
test_images\200353.jpg,0
test_images\200354.jpg,0
test_images\200355.jpg,0
test_images\200356.jpg,0
test_images\200357.jpg,0
test_images\200358.jpg,0
test_images\200359.jpg,0
test_images\200360.jpg,0
test_images\200361.jpg,0
test_images\200362.jpg,0
test_images\200363.jpg,0
test_images\200364.jpg,0
test_images\200365.jpg,0
test_images\200366.jpg,0
test_images\200367.jpg,0
test_images\200368.jpg,0
test_images\200369.jpg,0
test_images\200370.jpg,0
test_images\200371.jpg,0
test_images\200372.jpg,0
test_images\200373.jpg,0
test_images\200374.jpg,0
test_images\200375.jpg,0
test_images\200376.jpg,0
test_images\200377.jpg,0
test_images\200378.jpg,0
test_images\200379.jpg,0
test_images\200380.jpg,0
test_images\200381.jpg,0
test_images\200382.jpg,0
test_images\200383.jpg,0
test_images\200384.jpg,0
test_images\200385.jpg,0
test_images\200386.jpg,0
test_images\200387.jpg,0
test_images\200388.jpg,0
test_images\200389.jpg,0
test_images\200390.jpg,0
test_images\200391.jpg,0
test_images\200392.jpg,0
test_images\200393.jpg,0
test_images\200394.jpg,0
test_images\200395.jpg,0
test_images\200396.jpg,0
test_images\200397.jpg,0
test_images\200398.jpg,0
test_images\200399.jpg,0
test_images\200400.jpg,0
test_images\200401.jpg,0
test_images\200402.jpg,0
test_images\200403.jpg,0
test_images\200404.jpg,0
test_images\200405.jpg,0
test_images\200406.jpg,0
test_images\200407.jpg,0
test_images\200408.jpg,0
test_images\200409.jpg,0
test_images\200410.jpg,0
test_images\200411.jpg,0
test_images\200412.jpg,0
test_images\200413.jpg,0
test_images\200414.jpg,0
test_images\200415.jpg,0
test_images\200416.jpg,0
test_images\200417.jpg,0
test_images\200418.jpg,0
test_images\200419.jpg,0
test_images\200420.jpg,0
test_images\200421.jpg,0
test_images\200422.jpg,0
test_images\200423.jpg,0
test_images\200424.jpg,0
test_images\200425.jpg,0
test_images\200426.jpg,0
test_images\200427.jpg,0
test_images\200428.jpg,0
test_images\200429.jpg,0
test_images\200430.jpg,0
test_images\200431.jpg,0
test_images\200432.jpg,0
test_images\200433.jpg,0
test_images\200434.jpg,0
test_images\200435.jpg,0
test_images\200436.jpg,0
test_images\200437.jpg,0
test_images\200438.jpg,0
test_images\200439.jpg,0
test_images\200440.jpg,0
test_images\200441.jpg,0
test_images\200442.jpg,0
test_images\200443.jpg,0
test_images\200444.jpg,0
test_images\200445.jpg,0
test_images\200446.jpg,0
test_images\200447.jpg,0
test_images\200448.jpg,0
test_images\200449.jpg,0
test_images\200450.jpg,0
test_images\200451.jpg,0
test_images\200452.jpg,0
test_images\200453.jpg,0
test_images\200454.jpg,0
test_images\200455.jpg,0
test_images\200456.jpg,0
test_images\200457.jpg,0
test_images\200458.jpg,0
test_images\200459.jpg,0
test_images\200460.jpg,0
test_images\200461.jpg,0
test_images\200462.jpg,0
test_images\200463.jpg,0
test_images\200464.jpg,0
test_images\200465.jpg,0
test_images\200466.jpg,0
test_images\200467.jpg,0
test_images\200468.jpg,0
test_images\200469.jpg,0
test_images\200470.jpg,0
test_images\200471.jpg,0
test_images\200472.jpg,0
test_images\200473.jpg,0
test_images\200474.jpg,0
test_images\200475.jpg,0
test_images\200476.jpg,0
test_images\200477.jpg,0
test_images\200478.jpg,0
test_images\200479.jpg,0
test_images\200480.jpg,0
test_images\200481.jpg,0
test_images\200482.jpg,0
test_images\200483.jpg,0
test_images\200484.jpg,0
test_images\200485.jpg,0
test_images\200486.jpg,0
test_images\200487.jpg,0
test_images\200488.jpg,0
test_images\200489.jpg,0
test_images\200490.jpg,0
test_images\200491.jpg,0
test_images\200492.jpg,0
test_images\200493.jpg,0
test_images\200494.jpg,0
test_images\200495.jpg,0
test_images\200496.jpg,0
test_images\200497.jpg,0
test_images\200498.jpg,0
test_images\200499.jpg,0
test_images\200500.jpg,0
test_images\200501.jpg,0
test_images\200502.jpg,0
test_images\200503.jpg,0
test_images\200504.jpg,0
test_images\200505.jpg,0
test_images\200506.jpg,0
test_images\200507.jpg,0
test_images\200508.jpg,0
test_images\200509.jpg,0
test_images\200510.jpg,0
test_images\200511.jpg,0
test_images\200512.jpg,0
test_images\200513.jpg,0
test_images\200514.jpg,0
test_images\200515.jpg,0
test_images\200516.jpg,0
test_images\200517.jpg,0
test_images\200518.jpg,0
test_images\200519.jpg,0
test_images\200520.jpg,0
test_images\200521.jpg,0
test_images\200522.jpg,0
test_images\200523.jpg,0
test_images\200524.jpg,0
test_images\200525.jpg,0
test_images\200526.jpg,0
test_images\200527.jpg,0
test_images\200528.jpg,0
test_images\200529.jpg,0
test_images\200530.jpg,0
test_images\200531.jpg,0
test_images\200532.jpg,0
test_images\200533.jpg,0
test_images\200534.jpg,0
test_images\200535.jpg,0
test_images\200536.jpg,0
test_images\200537.jpg,0
test_images\200538.jpg,0
test_images\200539.jpg,0
test_images\200540.jpg,0
test_images\200541.jpg,0
test_images\200542.jpg,0
test_images\200543.jpg,0
test_images\200544.jpg,0
test_images\200545.jpg,0
test_images\200546.jpg,0
test_images\200547.jpg,0
test_images\200548.jpg,0
test_images\200549.jpg,0
test_images\200550.jpg,0
test_images\200551.jpg,0
test_images\200552.jpg,0
test_images\200553.jpg,0
test_images\200554.jpg,0
test_images\200555.jpg,0
test_images\200556.jpg,0
test_images\200557.jpg,0
test_images\200558.jpg,0
test_images\200559.jpg,0
test_images\200560.jpg,0
test_images\200561.jpg,0
test_images\200562.jpg,0
test_images\200563.jpg,0
test_images\200564.jpg,0
test_images\200565.jpg,0
test_images\200566.jpg,0
test_images\200567.jpg,0
test_images\200568.jpg,0
test_images\200569.jpg,0
test_images\200570.jpg,0
test_images\200571.jpg,0
test_images\200572.jpg,0
test_images\200573.jpg,0
test_images\200574.jpg,0
test_images\200575.jpg,0
test_images\200576.jpg,0
test_images\200577.jpg,0
test_images\200578.jpg,0
test_images\200579.jpg,0
test_images\200580.jpg,0
test_images\200581.jpg,0
test_images\200582.jpg,0
test_images\200583.jpg,0
test_images\200584.jpg,0
test_images\200585.jpg,0
test_images\200586.jpg,0
test_images\200587.jpg,0
test_images\200588.jpg,0
test_images\200589.jpg,0
test_images\200590.jpg,0
test_images\200591.jpg,0
test_images\200592.jpg,0
test_images\200593.jpg,0
test_images\200594.jpg,0
test_images\200595.jpg,0
test_images\200596.jpg,0
test_images\200597.jpg,0
test_images\200598.jpg,0
test_images\200599.jpg,0
test_images\200600.jpg,0
test_images\200601.jpg,0
test_images\200602.jpg,0
test_images\200603.jpg,0
test_images\200604.jpg,0
test_images\200605.jpg,0
test_images\200606.jpg,0
test_images\200607.jpg,0
test_images\200608.jpg,0
test_images\200609.jpg,0
test_images\200610.jpg,0
test_images\200611.jpg,0
test_images\200612.jpg,0
test_images\200613.jpg,0
test_images\200614.jpg,0
test_images\200615.jpg,0
test_images\200616.jpg,0
test_images\200617.jpg,0
test_images\200618.jpg,0
test_images\200619.jpg,0
test_images\200620.jpg,0
test_images\200621.jpg,0
test_images\200622.jpg,0
test_images\200623.jpg,0
test_images\200624.jpg,0
test_images\200625.jpg,0
test_images\200626.jpg,0
test_images\200627.jpg,0
test_images\200628.jpg,0
test_images\200629.jpg,0
test_images\200630.jpg,0
test_images\200631.jpg,0
test_images\200632.jpg,0
test_images\200633.jpg,0
test_images\200634.jpg,0
test_images\200635.jpg,0
test_images\200636.jpg,0
test_images\200637.jpg,0
test_images\200638.jpg,0
test_images\200639.jpg,0
test_images\200640.jpg,0
test_images\200641.jpg,0
test_images\200642.jpg,0
test_images\200643.jpg,0
test_images\200644.jpg,0
test_images\200645.jpg,0
test_images\200646.jpg,0
test_images\200647.jpg,0
test_images\200648.jpg,0
test_images\200649.jpg,0
test_images\200650.jpg,0
test_images\200651.jpg,0
test_images\200652.jpg,0
test_images\200653.jpg,0
test_images\200654.jpg,0
test_images\200655.jpg,0
test_images\200656.jpg,0
test_images\200657.jpg,0
test_images\200658.jpg,0
test_images\200659.jpg,0
test_images\200660.jpg,0
test_images\200661.jpg,0
test_images\200662.jpg,0
test_images\200663.jpg,0
test_images\200664.jpg,0
test_images\200665.jpg,0
test_images\200666.jpg,0
test_images\200667.jpg,0
test_images\200668.jpg,0
test_images\200669.jpg,0
test_images\200670.jpg,0
test_images\200671.jpg,0
test_images\200672.jpg,0
test_images\200673.jpg,0
test_images\200674.jpg,0
test_images\200675.jpg,0
test_images\200676.jpg,0
test_images\200677.jpg,0
test_images\200678.jpg,0
test_images\200679.jpg,0
test_images\200680.jpg,0
test_images\200681.jpg,0
test_images\200682.jpg,0
test_images\200683.jpg,0
test_images\200684.jpg,0
test_images\200685.jpg,0
test_images\200686.jpg,0
test_images\200687.jpg,0
test_images\200688.jpg,0
test_images\200689.jpg,0
test_images\200690.jpg,0
test_images\200691.jpg,0
test_images\200692.jpg,0
test_images\200693.jpg,0
test_images\200694.jpg,0
test_images\200695.jpg,0
test_images\200696.jpg,0
test_images\200697.jpg,0
test_images\200698.jpg,0
test_images\200699.jpg,0
test_images\200700.jpg,0
test_images\200701.jpg,0
test_images\200702.jpg,0
test_images\200703.jpg,0
test_images\200704.jpg,0
test_images\200705.jpg,0
test_images\200706.jpg,0
test_images\200707.jpg,0
test_images\200708.jpg,0
test_images\200709.jpg,0
test_images\200710.jpg,0
test_images\200711.jpg,0
test_images\200712.jpg,0
test_images\200713.jpg,0
test_images\200714.jpg,0
test_images\200715.jpg,0
test_images\200716.jpg,0
test_images\200717.jpg,0
test_images\200718.jpg,0
test_images\200719.jpg,0
test_images\200720.jpg,0
test_images\200721.jpg,0
test_images\200722.jpg,0
test_images\200723.jpg,0
test_images\200724.jpg,0
test_images\200725.jpg,0
test_images\200726.jpg,0
test_images\200727.jpg,0
test_images\200728.jpg,0
test_images\200729.jpg,0
test_images\200730.jpg,0
test_images\200731.jpg,0
test_images\200732.jpg,0
test_images\200733.jpg,0
test_images\200734.jpg,0
test_images\200735.jpg,0
test_images\200736.jpg,0
test_images\200737.jpg,0
test_images\200738.jpg,0
test_images\200739.jpg,0
test_images\200740.jpg,0
test_images\200741.jpg,0
test_images\200742.jpg,0
test_images\200743.jpg,0
test_images\200744.jpg,0
test_images\200745.jpg,0
test_images\200746.jpg,0
test_images\200747.jpg,0
test_images\200748.jpg,0
test_images\200749.jpg,0
test_images\200750.jpg,0
test_images\200751.jpg,0
test_images\200752.jpg,0
test_images\200753.jpg,0
test_images\200754.jpg,0
test_images\200755.jpg,0
test_images\200756.jpg,0
test_images\200757.jpg,0
test_images\200758.jpg,0
test_images\200759.jpg,0
test_images\200760.jpg,0
test_images\200761.jpg,0
test_images\200762.jpg,0
test_images\200763.jpg,0
test_images\200764.jpg,0
test_images\200765.jpg,0
test_images\200766.jpg,0
test_images\200767.jpg,0
test_images\200768.jpg,0
test_images\200769.jpg,0
test_images\200770.jpg,0
test_images\200771.jpg,0
test_images\200772.jpg,0
test_images\200773.jpg,0
test_images\200774.jpg,0
test_images\200775.jpg,0
test_images\200776.jpg,0
test_images\200777.jpg,0
test_images\200778.jpg,0
test_images\200779.jpg,0
test_images\200780.jpg,0
test_images\200781.jpg,0
test_images\200782.jpg,0
test_images\200783.jpg,0
test_images\200784.jpg,0
test_images\200785.jpg,0
test_images\200786.jpg,0
test_images\200787.jpg,0
test_images\200788.jpg,0
test_images\200789.jpg,0
test_images\200790.jpg,0
test_images\200791.jpg,0
test_images\200792.jpg,0
test_images\200793.jpg,0
test_images\200794.jpg,0
test_images\200795.jpg,0
test_images\200796.jpg,0
test_images\200797.jpg,0
test_images\200798.jpg,0
test_images\200799.jpg,0
test_images\200800.jpg,0
test_images\200801.jpg,0
test_images\200802.jpg,0
test_images\200803.jpg,0
test_images\200804.jpg,0
test_images\200805.jpg,0
test_images\200806.jpg,0
test_images\200807.jpg,0
test_images\200808.jpg,0
test_images\200809.jpg,0
test_images\200810.jpg,0
test_images\200811.jpg,0
test_images\200812.jpg,0
test_images\200813.jpg,0
test_images\200814.jpg,0
test_images\200815.jpg,0
test_images\200816.jpg,0
test_images\200817.jpg,0
test_images\200818.jpg,0
test_images\200819.jpg,0
test_images\200820.jpg,0
test_images\200821.jpg,0
test_images\200822.jpg,0
test_images\200823.jpg,0
test_images\200824.jpg,0
test_images\200825.jpg,0
test_images\200826.jpg,0
test_images\200827.jpg,0
test_images\200828.jpg,0
test_images\200829.jpg,0
test_images\200830.jpg,0
test_images\200831.jpg,0
test_images\200832.jpg,0
test_images\200833.jpg,0
test_images\200834.jpg,0
test_images\200835.jpg,0
test_images\200836.jpg,0
test_images\200837.jpg,0
test_images\200838.jpg,0
test_images\200839.jpg,0
test_images\200840.jpg,0
test_images\200841.jpg,0
test_images\200842.jpg,0
test_images\200843.jpg,0
test_images\200844.jpg,0
test_images\200845.jpg,0
test_images\200846.jpg,0
test_images\200847.jpg,0
test_images\200848.jpg,0
test_images\200849.jpg,0
test_images\200850.jpg,0
test_images\200851.jpg,0
test_images\200852.jpg,0
test_images\200853.jpg,0
test_images\200854.jpg,0
test_images\200855.jpg,0
test_images\200856.jpg,0
test_images\200857.jpg,0
test_images\200858.jpg,0
test_images\200859.jpg,0
test_images\200860.jpg,0
test_images\200861.jpg,0
test_images\200862.jpg,0
test_images\200863.jpg,0
test_images\200864.jpg,0
test_images\200865.jpg,0
test_images\200866.jpg,0
test_images\200867.jpg,0
test_images\200868.jpg,0
test_images\200869.jpg,0
test_images\200870.jpg,0
test_images\200871.jpg,0
test_images\200872.jpg,0
test_images\200873.jpg,0
test_images\200874.jpg,0
test_images\200875.jpg,0
test_images\200876.jpg,0
test_images\200877.jpg,0
test_images\200878.jpg,0
test_images\200879.jpg,0
test_images\200880.jpg,0
test_images\200881.jpg,0
test_images\200882.jpg,0
test_images\200883.jpg,0
test_images\200884.jpg,0
test_images\200885.jpg,0
test_images\200886.jpg,0
test_images\200887.jpg,0
test_images\200888.jpg,0
test_images\200889.jpg,0
test_images\200890.jpg,0
test_images\200891.jpg,0
test_images\200892.jpg,0
test_images\200893.jpg,0
test_images\200894.jpg,0
test_images\200895.jpg,0
test_images\200896.jpg,0
test_images\200897.jpg,0
test_images\200898.jpg,0
test_images\200899.jpg,0
test_images\200900.jpg,0
test_images\200901.jpg,0
test_images\200902.jpg,0
test_images\200903.jpg,0
test_images\200904.jpg,0
test_images\200905.jpg,0
test_images\200906.jpg,0
test_images\200907.jpg,0
test_images\200908.jpg,0
test_images\200909.jpg,0
test_images\200910.jpg,0
test_images\200911.jpg,0
test_images\200912.jpg,0
test_images\200913.jpg,0
test_images\200914.jpg,0
test_images\200915.jpg,0
test_images\200916.jpg,0
test_images\200917.jpg,0
test_images\200918.jpg,0
test_images\200919.jpg,0
test_images\200920.jpg,0
test_images\200921.jpg,0
test_images\200922.jpg,0
test_images\200923.jpg,0
test_images\200924.jpg,0
test_images\200925.jpg,0
test_images\200926.jpg,0
test_images\200927.jpg,0
test_images\200928.jpg,0
test_images\200929.jpg,0
test_images\200930.jpg,0
test_images\200931.jpg,0
test_images\200932.jpg,0
test_images\200933.jpg,0
test_images\200934.jpg,0
test_images\200935.jpg,0
test_images\200936.jpg,0
test_images\200937.jpg,0
test_images\200938.jpg,0
test_images\200939.jpg,0
test_images\200940.jpg,0
test_images\200941.jpg,0
test_images\200942.jpg,0
test_images\200943.jpg,0
test_images\200944.jpg,0
test_images\200945.jpg,0
test_images\200946.jpg,0
test_images\200947.jpg,0
test_images\200948.jpg,0
test_images\200949.jpg,0
test_images\200950.jpg,0
test_images\200951.jpg,0
test_images\200952.jpg,0
test_images\200953.jpg,0
test_images\200954.jpg,0
test_images\200955.jpg,0
test_images\200956.jpg,0
test_images\200957.jpg,0
test_images\200958.jpg,0
test_images\200959.jpg,0
test_images\200960.jpg,0
test_images\200961.jpg,0
test_images\200962.jpg,0
test_images\200963.jpg,0
test_images\200964.jpg,0
test_images\200965.jpg,0
test_images\200966.jpg,0
test_images\200967.jpg,0
test_images\200968.jpg,0
test_images\200969.jpg,0
test_images\200970.jpg,0
test_images\200971.jpg,0
test_images\200972.jpg,0
test_images\200973.jpg,0
test_images\200974.jpg,0
test_images\200975.jpg,0
test_images\200976.jpg,0
test_images\200977.jpg,0
test_images\200978.jpg,0
test_images\200979.jpg,0
test_images\200980.jpg,0
test_images\200981.jpg,0
test_images\200982.jpg,0
test_images\200983.jpg,0
test_images\200984.jpg,0
test_images\200985.jpg,0
test_images\200986.jpg,0
test_images\200987.jpg,0
test_images\200988.jpg,0
test_images\200989.jpg,0
test_images\200990.jpg,0
test_images\200991.jpg,0
test_images\200992.jpg,0
test_images\200993.jpg,0
test_images\200994.jpg,0
test_images\200995.jpg,0
test_images\200996.jpg,0
test_images\200997.jpg,0
test_images\200998.jpg,0
test_images\200999.jpg,0
test_images\201000.jpg,0
test_images\201001.jpg,0
test_images\201002.jpg,0
test_images\201003.jpg,0
test_images\201004.jpg,0
test_images\201005.jpg,0
test_images\201006.jpg,0
test_images\201007.jpg,0
test_images\201008.jpg,0
test_images\201009.jpg,0
test_images\201010.jpg,0
test_images\201011.jpg,0
test_images\201012.jpg,0
test_images\201013.jpg,0
test_images\201014.jpg,0
test_images\201015.jpg,0
test_images\201016.jpg,0
test_images\201017.jpg,0
test_images\201018.jpg,0
test_images\201019.jpg,0
test_images\201020.jpg,0
test_images\201021.jpg,0
test_images\201022.jpg,0
test_images\201023.jpg,0
test_images\201024.jpg,0
test_images\201025.jpg,0
test_images\201026.jpg,0
test_images\201027.jpg,0
test_images\201028.jpg,0
test_images\201029.jpg,0
test_images\201030.jpg,0
test_images\201031.jpg,0
test_images\201032.jpg,0
test_images\201033.jpg,0
test_images\201034.jpg,0
test_images\201035.jpg,0
test_images\201036.jpg,0
test_images\201037.jpg,0
test_images\201038.jpg,0
test_images\201039.jpg,0
test_images\201040.jpg,0
test_images\201041.jpg,0
test_images\201042.jpg,0
test_images\201043.jpg,0
test_images\201044.jpg,0
test_images\201045.jpg,0
test_images\201046.jpg,0
test_images\201047.jpg,0
test_images\201048.jpg,0
test_images\201049.jpg,0
test_images\201050.jpg,0
test_images\201051.jpg,0
test_images\201052.jpg,0
test_images\201053.jpg,0
test_images\201054.jpg,0
test_images\201055.jpg,0
test_images\201056.jpg,0
test_images\201057.jpg,0
test_images\201058.jpg,0
test_images\201059.jpg,0
test_images\201060.jpg,0
test_images\201061.jpg,0
test_images\201062.jpg,0
test_images\201063.jpg,0
test_images\201064.jpg,0
test_images\201065.jpg,0
test_images\201066.jpg,0
test_images\201067.jpg,0
test_images\201068.jpg,0
test_images\201069.jpg,0
test_images\201070.jpg,0
test_images\201071.jpg,0
test_images\201072.jpg,0
test_images\201073.jpg,0
test_images\201074.jpg,0
test_images\201075.jpg,0
test_images\201076.jpg,0
test_images\201077.jpg,0
test_images\201078.jpg,0
test_images\201079.jpg,0
test_images\201080.jpg,0
test_images\201081.jpg,0
test_images\201082.jpg,0
test_images\201083.jpg,0
test_images\201084.jpg,0
test_images\201085.jpg,0
test_images\201086.jpg,0
test_images\201087.jpg,0
test_images\201088.jpg,0
test_images\201089.jpg,0
test_images\201090.jpg,0
test_images\201091.jpg,0
test_images\201092.jpg,0
test_images\201093.jpg,0
test_images\201094.jpg,0
test_images\201095.jpg,0
test_images\201096.jpg,0
test_images\201097.jpg,0
test_images\201098.jpg,0
test_images\201099.jpg,0
test_images\201100.jpg,0
test_images\201101.jpg,0
test_images\201102.jpg,0
test_images\201103.jpg,0
test_images\201104.jpg,0
test_images\201105.jpg,0
test_images\201106.jpg,0
test_images\201107.jpg,0
test_images\201108.jpg,0
test_images\201109.jpg,0
test_images\201110.jpg,0
test_images\201111.jpg,0
test_images\201112.jpg,0
test_images\201113.jpg,0
test_images\201114.jpg,0
test_images\201115.jpg,0
test_images\201116.jpg,0
test_images\201117.jpg,0
test_images\201118.jpg,0
test_images\201119.jpg,0
test_images\201120.jpg,0
test_images\201121.jpg,0
test_images\201122.jpg,0
test_images\201123.jpg,0
test_images\201124.jpg,0
test_images\201125.jpg,0
test_images\201126.jpg,0
test_images\201127.jpg,0
test_images\201128.jpg,0
test_images\201129.jpg,0
test_images\201130.jpg,0
test_images\201131.jpg,0
test_images\201132.jpg,0
test_images\201133.jpg,0
test_images\201134.jpg,0
test_images\201135.jpg,0
test_images\201136.jpg,0
test_images\201137.jpg,0
test_images\201138.jpg,0
test_images\201139.jpg,0
test_images\201140.jpg,0
test_images\201141.jpg,0
test_images\201142.jpg,0
test_images\201143.jpg,0
test_images\201144.jpg,0
test_images\201145.jpg,0
test_images\201146.jpg,0
test_images\201147.jpg,0
test_images\201148.jpg,0
test_images\201149.jpg,0
test_images\201150.jpg,0
test_images\201151.jpg,0
test_images\201152.jpg,0
test_images\201153.jpg,0
test_images\201154.jpg,0
test_images\201155.jpg,0
test_images\201156.jpg,0
test_images\201157.jpg,0
test_images\201158.jpg,0
test_images\201159.jpg,0
test_images\201160.jpg,0
test_images\201161.jpg,0
test_images\201162.jpg,0
test_images\201163.jpg,0
test_images\201164.jpg,0
test_images\201165.jpg,0
test_images\201166.jpg,0
test_images\201167.jpg,0
test_images\201168.jpg,0
test_images\201169.jpg,0
test_images\201170.jpg,0
test_images\201171.jpg,0
test_images\201172.jpg,0
test_images\201173.jpg,0
test_images\201174.jpg,0
test_images\201175.jpg,0
test_images\201176.jpg,0
test_images\201177.jpg,0
test_images\201178.jpg,0
test_images\201179.jpg,0
test_images\201180.jpg,0
test_images\201181.jpg,0
test_images\201182.jpg,0
test_images\201183.jpg,0
test_images\201184.jpg,0
test_images\201185.jpg,0
test_images\201186.jpg,0
test_images\201187.jpg,0
test_images\201188.jpg,0
test_images\201189.jpg,0
test_images\201190.jpg,0
test_images\201191.jpg,0
test_images\201192.jpg,0
test_images\201193.jpg,0
test_images\201194.jpg,0
test_images\201195.jpg,0
test_images\201196.jpg,0
test_images\201197.jpg,0
test_images\201198.jpg,0
test_images\201199.jpg,0
test_images\201200.jpg,0
test_images\201201.jpg,0
test_images\201202.jpg,0
test_images\201203.jpg,0
test_images\201204.jpg,0
test_images\201205.jpg,0
test_images\201206.jpg,0
test_images\201207.jpg,0
test_images\201208.jpg,0
test_images\201209.jpg,0
test_images\201210.jpg,0
test_images\201211.jpg,0
test_images\201212.jpg,0
test_images\201213.jpg,0
test_images\201214.jpg,0
test_images\201215.jpg,0
test_images\201216.jpg,0
test_images\201217.jpg,0
test_images\201218.jpg,0
test_images\201219.jpg,0
test_images\201220.jpg,0
test_images\201221.jpg,0
test_images\201222.jpg,0
test_images\201223.jpg,0
test_images\201224.jpg,0
test_images\201225.jpg,0
test_images\201226.jpg,0
test_images\201227.jpg,0
test_images\201228.jpg,0
test_images\201229.jpg,0
test_images\201230.jpg,0
test_images\201231.jpg,0
test_images\201232.jpg,0
test_images\201233.jpg,0
test_images\201234.jpg,0
test_images\201235.jpg,0
test_images\201236.jpg,0
test_images\201237.jpg,0
test_images\201238.jpg,0
test_images\201239.jpg,0
test_images\201240.jpg,0
test_images\201241.jpg,0
test_images\201242.jpg,0
test_images\201243.jpg,0
test_images\201244.jpg,0
test_images\201245.jpg,0
test_images\201246.jpg,0
test_images\201247.jpg,0
test_images\201248.jpg,0
test_images\201249.jpg,0
test_images\201250.jpg,0
test_images\201251.jpg,0
test_images\201252.jpg,0
test_images\201253.jpg,0
test_images\201254.jpg,0
test_images\201255.jpg,0
test_images\201256.jpg,0
test_images\201257.jpg,0
test_images\201258.jpg,0
test_images\201259.jpg,0
test_images\201260.jpg,0
test_images\201261.jpg,0
test_images\201262.jpg,0
test_images\201263.jpg,0
test_images\201264.jpg,0
test_images\201265.jpg,0
test_images\201266.jpg,0
test_images\201267.jpg,0
test_images\201268.jpg,0
test_images\201269.jpg,0
test_images\201270.jpg,0
test_images\201271.jpg,0
test_images\201272.jpg,0
test_images\201273.jpg,0
test_images\201274.jpg,0
test_images\201275.jpg,0
test_images\201276.jpg,0
test_images\201277.jpg,0
test_images\201278.jpg,0
test_images\201279.jpg,0
test_images\201280.jpg,0
test_images\201281.jpg,0
test_images\201282.jpg,0
test_images\201283.jpg,0
test_images\201284.jpg,0
test_images\201285.jpg,0
test_images\201286.jpg,0
test_images\201287.jpg,0
test_images\201288.jpg,0
test_images\201289.jpg,0
test_images\201290.jpg,0
test_images\201291.jpg,0
test_images\201292.jpg,0
test_images\201293.jpg,0
test_images\201294.jpg,0
test_images\201295.jpg,0
test_images\201296.jpg,0
test_images\201297.jpg,0
test_images\201298.jpg,0
test_images\201299.jpg,0
test_images\201300.jpg,0
test_images\201301.jpg,0
test_images\201302.jpg,0
test_images\201303.jpg,0
test_images\201304.jpg,0
test_images\201305.jpg,0
test_images\201306.jpg,0
test_images\201307.jpg,0
test_images\201308.jpg,0
test_images\201309.jpg,0
test_images\201310.jpg,0
test_images\201311.jpg,0
test_images\201312.jpg,0
test_images\201313.jpg,0
test_images\201314.jpg,0
test_images\201315.jpg,0
test_images\201316.jpg,0
test_images\201317.jpg,0
test_images\201318.jpg,0
test_images\201319.jpg,0
test_images\201320.jpg,0
test_images\201321.jpg,0
test_images\201322.jpg,0
test_images\201323.jpg,0
test_images\201324.jpg,0
test_images\201325.jpg,0
test_images\201326.jpg,0
test_images\201327.jpg,0
test_images\201328.jpg,0
test_images\201329.jpg,0
test_images\201330.jpg,0
test_images\201331.jpg,0
test_images\201332.jpg,0
test_images\201333.jpg,0
test_images\201334.jpg,0
test_images\201335.jpg,0
test_images\201336.jpg,0
test_images\201337.jpg,0
test_images\201338.jpg,0
test_images\201339.jpg,0
test_images\201340.jpg,0
test_images\201341.jpg,0
test_images\201342.jpg,0
test_images\201343.jpg,0
test_images\201344.jpg,0
test_images\201345.jpg,0
test_images\201346.jpg,0
test_images\201347.jpg,0
test_images\201348.jpg,0
test_images\201349.jpg,0
test_images\201350.jpg,0
test_images\201351.jpg,0
test_images\201352.jpg,0
test_images\201353.jpg,0
test_images\201354.jpg,0
test_images\201355.jpg,0
test_images\201356.jpg,0
test_images\201357.jpg,0
test_images\201358.jpg,0
test_images\201359.jpg,0
test_images\201360.jpg,0
test_images\201361.jpg,0
test_images\201362.jpg,0
test_images\201363.jpg,0
test_images\201364.jpg,0
test_images\201365.jpg,0
test_images\201366.jpg,0
test_images\201367.jpg,0
test_images\201368.jpg,0
test_images\201369.jpg,0
test_images\201370.jpg,0
test_images\201371.jpg,0
test_images\201372.jpg,0
test_images\201373.jpg,0
test_images\201374.jpg,0
test_images\201375.jpg,0
test_images\201376.jpg,0
test_images\201377.jpg,0
test_images\201378.jpg,0
test_images\201379.jpg,0
test_images\201380.jpg,0
test_images\201381.jpg,0
test_images\201382.jpg,0
test_images\201383.jpg,0
test_images\201384.jpg,0
test_images\201385.jpg,0
test_images\201386.jpg,0
test_images\201387.jpg,0
test_images\201388.jpg,0
test_images\201389.jpg,0
test_images\201390.jpg,0
test_images\201391.jpg,0
test_images\201392.jpg,0
test_images\201393.jpg,0
test_images\201394.jpg,0
test_images\201395.jpg,0
test_images\201396.jpg,0
test_images\201397.jpg,0
test_images\201398.jpg,0
test_images\201399.jpg,0
test_images\201400.jpg,0
test_images\201401.jpg,0
test_images\201402.jpg,0
test_images\201403.jpg,0
test_images\201404.jpg,0
test_images\201405.jpg,0
test_images\201406.jpg,0
test_images\201407.jpg,0
test_images\201408.jpg,0
test_images\201409.jpg,0
test_images\201410.jpg,0
test_images\201411.jpg,0
test_images\201412.jpg,0
test_images\201413.jpg,0
test_images\201414.jpg,0
test_images\201415.jpg,0
test_images\201416.jpg,0
test_images\201417.jpg,0
test_images\201418.jpg,0
test_images\201419.jpg,0
test_images\201420.jpg,0
test_images\201421.jpg,0
test_images\201422.jpg,0
test_images\201423.jpg,0
test_images\201424.jpg,0
test_images\201425.jpg,0
test_images\201426.jpg,0
test_images\201427.jpg,0
test_images\201428.jpg,0
test_images\201429.jpg,0
test_images\201430.jpg,0
test_images\201431.jpg,0
test_images\201432.jpg,0
test_images\201433.jpg,0
test_images\201434.jpg,0
test_images\201435.jpg,0
test_images\201436.jpg,0
test_images\201437.jpg,0
test_images\201438.jpg,0
test_images\201439.jpg,0
test_images\201440.jpg,0
test_images\201441.jpg,0
test_images\201442.jpg,0
test_images\201443.jpg,0
test_images\201444.jpg,0
test_images\201445.jpg,0
test_images\201446.jpg,0
test_images\201447.jpg,0
test_images\201448.jpg,0
test_images\201449.jpg,0
test_images\201450.jpg,0
test_images\201451.jpg,0
test_images\201452.jpg,0
test_images\201453.jpg,0
test_images\201454.jpg,0
test_images\201455.jpg,0
test_images\201456.jpg,0
test_images\201457.jpg,0
test_images\201458.jpg,0
test_images\201459.jpg,0
test_images\201460.jpg,0
test_images\201461.jpg,0
test_images\201462.jpg,0
test_images\201463.jpg,0
test_images\201464.jpg,0
test_images\201465.jpg,0
test_images\201466.jpg,0
test_images\201467.jpg,0
test_images\201468.jpg,0
test_images\201469.jpg,0
test_images\201470.jpg,0
test_images\201471.jpg,0
test_images\201472.jpg,0
test_images\201473.jpg,0
test_images\201474.jpg,0
test_images\201475.jpg,0
test_images\201476.jpg,0
test_images\201477.jpg,0
test_images\201478.jpg,0
test_images\201479.jpg,0
test_images\201480.jpg,0
test_images\201481.jpg,0
test_images\201482.jpg,0
test_images\201483.jpg,0
test_images\201484.jpg,0
test_images\201485.jpg,0
test_images\201486.jpg,0
test_images\201487.jpg,0
test_images\201488.jpg,0
test_images\201489.jpg,0
test_images\201490.jpg,0
test_images\201491.jpg,0
test_images\201492.jpg,0
test_images\201493.jpg,0
test_images\201494.jpg,0
test_images\201495.jpg,0
test_images\201496.jpg,0
test_images\201497.jpg,0
test_images\201498.jpg,0
test_images\201499.jpg,0
test_images\201500.jpg,0
test_images\201501.jpg,0
test_images\201502.jpg,0
test_images\201503.jpg,0
test_images\201504.jpg,0
test_images\201505.jpg,0
test_images\201506.jpg,0
test_images\201507.jpg,0
test_images\201508.jpg,0
test_images\201509.jpg,0
test_images\201510.jpg,0
test_images\201511.jpg,0
test_images\201512.jpg,0
test_images\201513.jpg,0
test_images\201514.jpg,0
test_images\201515.jpg,0
test_images\201516.jpg,0
test_images\201517.jpg,0
test_images\201518.jpg,0
test_images\201519.jpg,0
test_images\201520.jpg,0
test_images\201521.jpg,0
test_images\201522.jpg,0
test_images\201523.jpg,0
test_images\201524.jpg,0
test_images\201525.jpg,0
test_images\201526.jpg,0
test_images\201527.jpg,0
test_images\201528.jpg,0
test_images\201529.jpg,0
test_images\201530.jpg,0
test_images\201531.jpg,0
test_images\201532.jpg,0
test_images\201533.jpg,0
test_images\201534.jpg,0
test_images\201535.jpg,0
test_images\201536.jpg,0
test_images\201537.jpg,0
test_images\201538.jpg,0
test_images\201539.jpg,0
test_images\201540.jpg,0
test_images\201541.jpg,0
test_images\201542.jpg,0
test_images\201543.jpg,0
test_images\201544.jpg,0
test_images\201545.jpg,0
test_images\201546.jpg,0
test_images\201547.jpg,0
test_images\201548.jpg,0
test_images\201549.jpg,0
test_images\201550.jpg,0
test_images\201551.jpg,0
test_images\201552.jpg,0
test_images\201553.jpg,0
test_images\201554.jpg,0
test_images\201555.jpg,0
test_images\201556.jpg,0
test_images\201557.jpg,0
test_images\201558.jpg,0
test_images\201559.jpg,0
test_images\201560.jpg,0
test_images\201561.jpg,0
test_images\201562.jpg,0
test_images\201563.jpg,0
test_images\201564.jpg,0
test_images\201565.jpg,0
test_images\201566.jpg,0
test_images\201567.jpg,0
test_images\201568.jpg,0
test_images\201569.jpg,0
test_images\201570.jpg,0
test_images\201571.jpg,0
test_images\201572.jpg,0
test_images\201573.jpg,0
test_images\201574.jpg,0
test_images\201575.jpg,0
test_images\201576.jpg,0
test_images\201577.jpg,0
test_images\201578.jpg,0
test_images\201579.jpg,0
test_images\201580.jpg,0
test_images\201581.jpg,0
test_images\201582.jpg,0
test_images\201583.jpg,0
test_images\201584.jpg,0
test_images\201585.jpg,0
test_images\201586.jpg,0
test_images\201587.jpg,0
test_images\201588.jpg,0
test_images\201589.jpg,0
test_images\201590.jpg,0
test_images\201591.jpg,0
test_images\201592.jpg,0
test_images\201593.jpg,0
test_images\201594.jpg,0
test_images\201595.jpg,0
test_images\201596.jpg,0
test_images\201597.jpg,0
test_images\201598.jpg,0
test_images\201599.jpg,0
test_images\201600.jpg,0
test_images\201601.jpg,0
test_images\201602.jpg,0
test_images\201603.jpg,0
test_images\201604.jpg,0
test_images\201605.jpg,0
test_images\201606.jpg,0
test_images\201607.jpg,0
test_images\201608.jpg,0
test_images\201609.jpg,0
test_images\201610.jpg,0
test_images\201611.jpg,0
test_images\201612.jpg,0
test_images\201613.jpg,0
test_images\201614.jpg,0
test_images\201615.jpg,0
test_images\201616.jpg,0
test_images\201617.jpg,0
test_images\201618.jpg,0
test_images\201619.jpg,0
test_images\201620.jpg,0
test_images\201621.jpg,0
test_images\201622.jpg,0
test_images\201623.jpg,0
test_images\201624.jpg,0
test_images\201625.jpg,0
test_images\201626.jpg,0
test_images\201627.jpg,0
test_images\201628.jpg,0
test_images\201629.jpg,0
test_images\201630.jpg,0
test_images\201631.jpg,0
test_images\201632.jpg,0
test_images\201633.jpg,0
test_images\201634.jpg,0
test_images\201635.jpg,0
test_images\201636.jpg,0
test_images\201637.jpg,0
test_images\201638.jpg,0
test_images\201639.jpg,0
test_images\201640.jpg,0
test_images\201641.jpg,0
test_images\201642.jpg,0
test_images\201643.jpg,0
test_images\201644.jpg,0
test_images\201645.jpg,0
test_images\201646.jpg,0
test_images\201647.jpg,0
test_images\201648.jpg,0
test_images\201649.jpg,0
test_images\201650.jpg,0
test_images\201651.jpg,0
test_images\201652.jpg,0
test_images\201653.jpg,0
test_images\201654.jpg,0
test_images\201655.jpg,0
test_images\201656.jpg,0
test_images\201657.jpg,0
test_images\201658.jpg,0
test_images\201659.jpg,0
test_images\201660.jpg,0
test_images\201661.jpg,0
test_images\201662.jpg,0
test_images\201663.jpg,0
test_images\201664.jpg,0
test_images\201665.jpg,0
test_images\201666.jpg,0
test_images\201667.jpg,0
test_images\201668.jpg,0
test_images\201669.jpg,0
test_images\201670.jpg,0
test_images\201671.jpg,0
test_images\201672.jpg,0
test_images\201673.jpg,0
test_images\201674.jpg,0
test_images\201675.jpg,0
test_images\201676.jpg,0
test_images\201677.jpg,0
test_images\201678.jpg,0
test_images\201679.jpg,0
test_images\201680.jpg,0
test_images\201681.jpg,0
test_images\201682.jpg,0
test_images\201683.jpg,0
test_images\201684.jpg,0
test_images\201685.jpg,0
test_images\201686.jpg,0
test_images\201687.jpg,0
test_images\201688.jpg,0
test_images\201689.jpg,0
test_images\201690.jpg,0
test_images\201691.jpg,0
test_images\201692.jpg,0
test_images\201693.jpg,0
test_images\201694.jpg,0
test_images\201695.jpg,0
test_images\201696.jpg,0
test_images\201697.jpg,0
test_images\201698.jpg,0
test_images\201699.jpg,0
test_images\201700.jpg,0
test_images\201701.jpg,0
test_images\201702.jpg,0
test_images\201703.jpg,0
test_images\201704.jpg,0
test_images\201705.jpg,0
test_images\201706.jpg,0
test_images\201707.jpg,0
test_images\201708.jpg,0
test_images\201709.jpg,0
test_images\201710.jpg,0
test_images\201711.jpg,0
test_images\201712.jpg,0
test_images\201713.jpg,0
test_images\201714.jpg,0
test_images\201715.jpg,0
test_images\201716.jpg,0
test_images\201717.jpg,0
test_images\201718.jpg,0
test_images\201719.jpg,0
test_images\201720.jpg,0
test_images\201721.jpg,0
test_images\201722.jpg,0
test_images\201723.jpg,0
test_images\201724.jpg,0
test_images\201725.jpg,0
test_images\201726.jpg,0
test_images\201727.jpg,0
test_images\201728.jpg,0
test_images\201729.jpg,0
test_images\201730.jpg,0
test_images\201731.jpg,0
test_images\201732.jpg,0
test_images\201733.jpg,0
test_images\201734.jpg,0
test_images\201735.jpg,0
test_images\201736.jpg,0
test_images\201737.jpg,0
test_images\201738.jpg,0
test_images\201739.jpg,0
test_images\201740.jpg,0
test_images\201741.jpg,0
test_images\201742.jpg,0
test_images\201743.jpg,0
test_images\201744.jpg,0
test_images\201745.jpg,0
test_images\201746.jpg,0
test_images\201747.jpg,0
test_images\201748.jpg,0
test_images\201749.jpg,0
test_images\201750.jpg,0
test_images\201751.jpg,0
test_images\201752.jpg,0
test_images\201753.jpg,0
test_images\201754.jpg,0
test_images\201755.jpg,0
test_images\201756.jpg,0
test_images\201757.jpg,0
test_images\201758.jpg,0
test_images\201759.jpg,0
test_images\201760.jpg,0
test_images\201761.jpg,0
test_images\201762.jpg,0
test_images\201763.jpg,0
test_images\201764.jpg,0
test_images\201765.jpg,0
test_images\201766.jpg,0
test_images\201767.jpg,0
test_images\201768.jpg,0
test_images\201769.jpg,0
test_images\201770.jpg,0
test_images\201771.jpg,0
test_images\201772.jpg,0
test_images\201773.jpg,0
test_images\201774.jpg,0
test_images\201775.jpg,0
test_images\201776.jpg,0
test_images\201777.jpg,0
test_images\201778.jpg,0
test_images\201779.jpg,0
test_images\201780.jpg,0
test_images\201781.jpg,0
test_images\201782.jpg,0
test_images\201783.jpg,0
test_images\201784.jpg,0
test_images\201785.jpg,0
test_images\201786.jpg,0
test_images\201787.jpg,0
test_images\201788.jpg,0
test_images\201789.jpg,0
test_images\201790.jpg,0
test_images\201791.jpg,0
test_images\201792.jpg,0
test_images\201793.jpg,0
test_images\201794.jpg,0
test_images\201795.jpg,0
test_images\201796.jpg,0
test_images\201797.jpg,0
test_images\201798.jpg,0
test_images\201799.jpg,0
test_images\201800.jpg,0
test_images\201801.jpg,0
test_images\201802.jpg,0
test_images\201803.jpg,0
test_images\201804.jpg,0
test_images\201805.jpg,0
test_images\201806.jpg,0
test_images\201807.jpg,0
test_images\201808.jpg,0
test_images\201809.jpg,0
test_images\201810.jpg,0
test_images\201811.jpg,0
test_images\201812.jpg,0
test_images\201813.jpg,0
test_images\201814.jpg,0
test_images\201815.jpg,0
test_images\201816.jpg,0
test_images\201817.jpg,0
test_images\201818.jpg,0
test_images\201819.jpg,0
test_images\201820.jpg,0
test_images\201821.jpg,0
test_images\201822.jpg,0
test_images\201823.jpg,0
test_images\201824.jpg,0
test_images\201825.jpg,0
test_images\201826.jpg,0
test_images\201827.jpg,0
test_images\201828.jpg,0
test_images\201829.jpg,0
test_images\201830.jpg,0
test_images\201831.jpg,0
test_images\201832.jpg,0
test_images\201833.jpg,0
test_images\201834.jpg,0
test_images\201835.jpg,0
test_images\201836.jpg,0
test_images\201837.jpg,0
test_images\201838.jpg,0
test_images\201839.jpg,0
test_images\201840.jpg,0
test_images\201841.jpg,0
test_images\201842.jpg,0
test_images\201843.jpg,0
test_images\201844.jpg,0
test_images\201845.jpg,0
test_images\201846.jpg,0
test_images\201847.jpg,0
test_images\201848.jpg,0
test_images\201849.jpg,0
test_images\201850.jpg,0
test_images\201851.jpg,0
test_images\201852.jpg,0
test_images\201853.jpg,0
test_images\201854.jpg,0
test_images\201855.jpg,0
test_images\201856.jpg,0
test_images\201857.jpg,0
test_images\201858.jpg,0
test_images\201859.jpg,0
test_images\201860.jpg,0
test_images\201861.jpg,0
test_images\201862.jpg,0
test_images\201863.jpg,0
test_images\201864.jpg,0
test_images\201865.jpg,0
test_images\201866.jpg,0
test_images\201867.jpg,0
test_images\201868.jpg,0
test_images\201869.jpg,0
test_images\201870.jpg,0
test_images\201871.jpg,0
test_images\201872.jpg,0
test_images\201873.jpg,0
test_images\201874.jpg,0
test_images\201875.jpg,0
test_images\201876.jpg,0
test_images\201877.jpg,0
test_images\201878.jpg,0
test_images\201879.jpg,0
test_images\201880.jpg,0
test_images\201881.jpg,0
test_images\201882.jpg,0
test_images\201883.jpg,0
test_images\201884.jpg,0
test_images\201885.jpg,0
test_images\201886.jpg,0
test_images\201887.jpg,0
test_images\201888.jpg,0
test_images\201889.jpg,0
test_images\201890.jpg,0
test_images\201891.jpg,0
test_images\201892.jpg,0
test_images\201893.jpg,0
test_images\201894.jpg,0
test_images\201895.jpg,0
test_images\201896.jpg,0
test_images\201897.jpg,0
test_images\201898.jpg,0
test_images\201899.jpg,0
test_images\201900.jpg,0
test_images\201901.jpg,0
test_images\201902.jpg,0
test_images\201903.jpg,0
test_images\201904.jpg,0
test_images\201905.jpg,0
test_images\201906.jpg,0
test_images\201907.jpg,0
test_images\201908.jpg,0
test_images\201909.jpg,0
test_images\201910.jpg,0
test_images\201911.jpg,0
test_images\201912.jpg,0
test_images\201913.jpg,0
test_images\201914.jpg,0
test_images\201915.jpg,0
test_images\201916.jpg,0
test_images\201917.jpg,0
test_images\201918.jpg,0
test_images\201919.jpg,0
test_images\201920.jpg,0
test_images\201921.jpg,0
test_images\201922.jpg,0
test_images\201923.jpg,0
test_images\201924.jpg,0
test_images\201925.jpg,0
test_images\201926.jpg,0
test_images\201927.jpg,0
test_images\201928.jpg,0
test_images\201929.jpg,0
test_images\201930.jpg,0
test_images\201931.jpg,0
test_images\201932.jpg,0
test_images\201933.jpg,0
test_images\201934.jpg,0
test_images\201935.jpg,0
test_images\201936.jpg,0
test_images\201937.jpg,0
test_images\201938.jpg,0
test_images\201939.jpg,0
test_images\201940.jpg,0
test_images\201941.jpg,0
test_images\201942.jpg,0
test_images\201943.jpg,0
test_images\201944.jpg,0
test_images\201945.jpg,0
test_images\201946.jpg,0
test_images\201947.jpg,0
test_images\201948.jpg,0
test_images\201949.jpg,0
test_images\201950.jpg,0
test_images\201951.jpg,0
test_images\201952.jpg,0
test_images\201953.jpg,0
test_images\201954.jpg,0
test_images\201955.jpg,0
test_images\201956.jpg,0
test_images\201957.jpg,0
test_images\201958.jpg,0
test_images\201959.jpg,0
test_images\201960.jpg,0
test_images\201961.jpg,0
test_images\201962.jpg,0
test_images\201963.jpg,0
test_images\201964.jpg,0
test_images\201965.jpg,0
test_images\201966.jpg,0
test_images\201967.jpg,0
test_images\201968.jpg,0
test_images\201969.jpg,0
test_images\201970.jpg,0
test_images\201971.jpg,0
test_images\201972.jpg,0
test_images\201973.jpg,0
test_images\201974.jpg,0
test_images\201975.jpg,0
test_images\201976.jpg,0
test_images\201977.jpg,0
test_images\201978.jpg,0
test_images\201979.jpg,0
test_images\201980.jpg,0
test_images\201981.jpg,0
test_images\201982.jpg,0
test_images\201983.jpg,0
test_images\201984.jpg,0
test_images\201985.jpg,0
test_images\201986.jpg,0
test_images\201987.jpg,0
test_images\201988.jpg,0
test_images\201989.jpg,0
test_images\201990.jpg,0
test_images\201991.jpg,0
test_images\201992.jpg,0
test_images\201993.jpg,0
test_images\201994.jpg,0
test_images\201995.jpg,0
test_images\201996.jpg,0
test_images\201997.jpg,0
test_images\201998.jpg,0
test_images\201999.jpg,0
test_images\202000.jpg,0
test_images\202001.jpg,0
test_images\202002.jpg,0
test_images\202003.jpg,0
test_images\202004.jpg,0
test_images\202005.jpg,0
test_images\202006.jpg,0
test_images\202007.jpg,0
test_images\202008.jpg,0
test_images\202009.jpg,0
test_images\202010.jpg,0
test_images\202011.jpg,0
test_images\202012.jpg,0
test_images\202013.jpg,0
test_images\202014.jpg,0
test_images\202015.jpg,0
test_images\202016.jpg,0
test_images\202017.jpg,0
test_images\202018.jpg,0
test_images\202019.jpg,0
test_images\202020.jpg,0
test_images\202021.jpg,0
test_images\202022.jpg,0
test_images\202023.jpg,0
test_images\202024.jpg,0
test_images\202025.jpg,0
test_images\202026.jpg,0
test_images\202027.jpg,0
test_images\202028.jpg,0
test_images\202029.jpg,0
test_images\202030.jpg,0
test_images\202031.jpg,0
test_images\202032.jpg,0
test_images\202033.jpg,0
test_images\202034.jpg,0
test_images\202035.jpg,0
test_images\202036.jpg,0
test_images\202037.jpg,0
test_images\202038.jpg,0
test_images\202039.jpg,0
test_images\202040.jpg,0
test_images\202041.jpg,0
test_images\202042.jpg,0
test_images\202043.jpg,0
test_images\202044.jpg,0
test_images\202045.jpg,0
test_images\202046.jpg,0
test_images\202047.jpg,0
test_images\202048.jpg,0
test_images\202049.jpg,0
test_images\202050.jpg,0
test_images\202051.jpg,0
test_images\202052.jpg,0
test_images\202053.jpg,0
test_images\202054.jpg,0
test_images\202055.jpg,0
test_images\202056.jpg,0
test_images\202057.jpg,0
test_images\202058.jpg,0
test_images\202059.jpg,0
test_images\202060.jpg,0
test_images\202061.jpg,0
test_images\202062.jpg,0
test_images\202063.jpg,0
test_images\202064.jpg,0
test_images\202065.jpg,0
test_images\202066.jpg,0
test_images\202067.jpg,0
test_images\202068.jpg,0
test_images\202069.jpg,0
test_images\202070.jpg,0
test_images\202071.jpg,0
test_images\202072.jpg,0
test_images\202073.jpg,0
test_images\202074.jpg,0
test_images\202075.jpg,0
test_images\202076.jpg,0
test_images\202077.jpg,0
test_images\202078.jpg,0
test_images\202079.jpg,0
test_images\202080.jpg,0
test_images\202081.jpg,0
test_images\202082.jpg,0
test_images\202083.jpg,0
test_images\202084.jpg,0
test_images\202085.jpg,0
test_images\202086.jpg,0
test_images\202087.jpg,0
test_images\202088.jpg,0
test_images\202089.jpg,0
test_images\202090.jpg,0
test_images\202091.jpg,0
test_images\202092.jpg,0
test_images\202093.jpg,0
test_images\202094.jpg,0
test_images\202095.jpg,0
test_images\202096.jpg,0
test_images\202097.jpg,0
test_images\202098.jpg,0
test_images\202099.jpg,0
test_images\202100.jpg,0
test_images\202101.jpg,0
test_images\202102.jpg,0
test_images\202103.jpg,0
test_images\202104.jpg,0
test_images\202105.jpg,0
test_images\202106.jpg,0
test_images\202107.jpg,0
test_images\202108.jpg,0
test_images\202109.jpg,0
test_images\202110.jpg,0
test_images\202111.jpg,0
test_images\202112.jpg,0
test_images\202113.jpg,0
test_images\202114.jpg,0
test_images\202115.jpg,0
test_images\202116.jpg,0
test_images\202117.jpg,0
test_images\202118.jpg,0
test_images\202119.jpg,0
test_images\202120.jpg,0
test_images\202121.jpg,0
test_images\202122.jpg,0
test_images\202123.jpg,0
test_images\202124.jpg,0
test_images\202125.jpg,0
test_images\202126.jpg,0
test_images\202127.jpg,0
test_images\202128.jpg,0
test_images\202129.jpg,0
test_images\202130.jpg,0
test_images\202131.jpg,0
test_images\202132.jpg,0
test_images\202133.jpg,0
test_images\202134.jpg,0
test_images\202135.jpg,0
test_images\202136.jpg,0
test_images\202137.jpg,0
test_images\202138.jpg,0
test_images\202139.jpg,0
test_images\202140.jpg,0
test_images\202141.jpg,0
test_images\202142.jpg,0
test_images\202143.jpg,0
test_images\202144.jpg,0
test_images\202145.jpg,0
test_images\202146.jpg,0
test_images\202147.jpg,0
test_images\202148.jpg,0
test_images\202149.jpg,0
test_images\202150.jpg,0
test_images\202151.jpg,0
test_images\202152.jpg,0
test_images\202153.jpg,0
test_images\202154.jpg,0
test_images\202155.jpg,0
test_images\202156.jpg,0
test_images\202157.jpg,0
test_images\202158.jpg,0
test_images\202159.jpg,0
test_images\202160.jpg,0
test_images\202161.jpg,0
test_images\202162.jpg,0
test_images\202163.jpg,0
test_images\202164.jpg,0
test_images\202165.jpg,0
test_images\202166.jpg,0
test_images\202167.jpg,0
test_images\202168.jpg,0
test_images\202169.jpg,0
test_images\202170.jpg,0
test_images\202171.jpg,0
test_images\202172.jpg,0
test_images\202173.jpg,0
test_images\202174.jpg,0
test_images\202175.jpg,0
test_images\202176.jpg,0
test_images\202177.jpg,0
test_images\202178.jpg,0
test_images\202179.jpg,0
test_images\202180.jpg,0
test_images\202181.jpg,0
test_images\202182.jpg,0
test_images\202183.jpg,0
test_images\202184.jpg,0
test_images\202185.jpg,0
test_images\202186.jpg,0
test_images\202187.jpg,0
test_images\202188.jpg,0
test_images\202189.jpg,0
test_images\202190.jpg,0
test_images\202191.jpg,0
test_images\202192.jpg,0
test_images\202193.jpg,0
test_images\202194.jpg,0
test_images\202195.jpg,0
test_images\202196.jpg,0
test_images\202197.jpg,0
test_images\202198.jpg,0
test_images\202199.jpg,0
test_images\202200.jpg,0
test_images\202201.jpg,0
test_images\202202.jpg,0
test_images\202203.jpg,0
test_images\202204.jpg,0
test_images\202205.jpg,0
test_images\202206.jpg,0
test_images\202207.jpg,0
test_images\202208.jpg,0
test_images\202209.jpg,0
test_images\202210.jpg,0
test_images\202211.jpg,0
test_images\202212.jpg,0
test_images\202213.jpg,0
test_images\202214.jpg,0
test_images\202215.jpg,0
test_images\202216.jpg,0
test_images\202217.jpg,0
test_images\202218.jpg,0
test_images\202219.jpg,0
test_images\202220.jpg,0
test_images\202221.jpg,0
test_images\202222.jpg,0
test_images\202223.jpg,0
test_images\202224.jpg,0
test_images\202225.jpg,0
test_images\202226.jpg,0
test_images\202227.jpg,0
test_images\202228.jpg,0
test_images\202229.jpg,0
test_images\202230.jpg,0
test_images\202231.jpg,0
test_images\202232.jpg,0
test_images\202233.jpg,0
test_images\202234.jpg,0
test_images\202235.jpg,0
test_images\202236.jpg,0
test_images\202237.jpg,0
test_images\202238.jpg,0
test_images\202239.jpg,0
test_images\202240.jpg,0
test_images\202241.jpg,0
test_images\202242.jpg,0
test_images\202243.jpg,0
test_images\202244.jpg,0
test_images\202245.jpg,0
test_images\202246.jpg,0
test_images\202247.jpg,0
test_images\202248.jpg,0
test_images\202249.jpg,0
test_images\202250.jpg,0
test_images\202251.jpg,0
test_images\202252.jpg,0
test_images\202253.jpg,0
test_images\202254.jpg,0
test_images\202255.jpg,0
test_images\202256.jpg,0
test_images\202257.jpg,0
test_images\202258.jpg,0
test_images\202259.jpg,0
test_images\202260.jpg,0
test_images\202261.jpg,0
test_images\202262.jpg,0
test_images\202263.jpg,0
test_images\202264.jpg,0
test_images\202265.jpg,0
test_images\202266.jpg,0
test_images\202267.jpg,0
test_images\202268.jpg,0
test_images\202269.jpg,0
test_images\202270.jpg,0
test_images\202271.jpg,0
test_images\202272.jpg,0
test_images\202273.jpg,0
test_images\202274.jpg,0
test_images\202275.jpg,0
test_images\202276.jpg,0
test_images\202277.jpg,0
test_images\202278.jpg,0
test_images\202279.jpg,0
test_images\202280.jpg,0
test_images\202281.jpg,0
test_images\202282.jpg,0
test_images\202283.jpg,0
test_images\202284.jpg,0
test_images\202285.jpg,0
test_images\202286.jpg,0
test_images\202287.jpg,0
test_images\202288.jpg,0
test_images\202289.jpg,0
test_images\202290.jpg,0
test_images\202291.jpg,0
test_images\202292.jpg,0
test_images\202293.jpg,0
test_images\202294.jpg,0
test_images\202295.jpg,0
test_images\202296.jpg,0
test_images\202297.jpg,0
test_images\202298.jpg,0
test_images\202299.jpg,0
test_images\202300.jpg,0
test_images\202301.jpg,0
test_images\202302.jpg,0
test_images\202303.jpg,0
test_images\202304.jpg,0
test_images\202305.jpg,0
test_images\202306.jpg,0
test_images\202307.jpg,0
test_images\202308.jpg,0
test_images\202309.jpg,0
test_images\202310.jpg,0
test_images\202311.jpg,0
test_images\202312.jpg,0
test_images\202313.jpg,0
test_images\202314.jpg,0
test_images\202315.jpg,0
test_images\202316.jpg,0
test_images\202317.jpg,0
test_images\202318.jpg,0
test_images\202319.jpg,0
test_images\202320.jpg,0
test_images\202321.jpg,0
test_images\202322.jpg,0
test_images\202323.jpg,0
test_images\202324.jpg,0
test_images\202325.jpg,0
test_images\202326.jpg,0
test_images\202327.jpg,0
test_images\202328.jpg,0
test_images\202329.jpg,0
test_images\202330.jpg,0
test_images\202331.jpg,0
test_images\202332.jpg,0
test_images\202333.jpg,0
test_images\202334.jpg,0
test_images\202335.jpg,0
test_images\202336.jpg,0
test_images\202337.jpg,0
test_images\202338.jpg,0
test_images\202339.jpg,0
test_images\202340.jpg,0
test_images\202341.jpg,0
test_images\202342.jpg,0
test_images\202343.jpg,0
test_images\202344.jpg,0
test_images\202345.jpg,0
test_images\202346.jpg,0
test_images\202347.jpg,0
test_images\202348.jpg,0
test_images\202349.jpg,0
test_images\202350.jpg,0
test_images\202351.jpg,0
test_images\202352.jpg,0
test_images\202353.jpg,0
test_images\202354.jpg,0
test_images\202355.jpg,0
test_images\202356.jpg,0
test_images\202357.jpg,0
test_images\202358.jpg,0
test_images\202359.jpg,0
test_images\202360.jpg,0
test_images\202361.jpg,0
test_images\202362.jpg,0
test_images\202363.jpg,0
test_images\202364.jpg,0
test_images\202365.jpg,0
test_images\202366.jpg,0
test_images\202367.jpg,0
test_images\202368.jpg,0
test_images\202369.jpg,0
test_images\202370.jpg,0
test_images\202371.jpg,0
test_images\202372.jpg,0
test_images\202373.jpg,0
test_images\202374.jpg,0
test_images\202375.jpg,0
test_images\202376.jpg,0
test_images\202377.jpg,0
test_images\202378.jpg,0
test_images\202379.jpg,0
test_images\202380.jpg,0
test_images\202381.jpg,0
test_images\202382.jpg,0
test_images\202383.jpg,0
test_images\202384.jpg,0
test_images\202385.jpg,0
test_images\202386.jpg,0
test_images\202387.jpg,0
test_images\202388.jpg,0
test_images\202389.jpg,0
test_images\202390.jpg,0
test_images\202391.jpg,0
test_images\202392.jpg,0
test_images\202393.jpg,0
test_images\202394.jpg,0
test_images\202395.jpg,0
test_images\202396.jpg,0
test_images\202397.jpg,0
test_images\202398.jpg,0
test_images\202399.jpg,0
test_images\202400.jpg,0
test_images\202401.jpg,0
test_images\202402.jpg,0
test_images\202403.jpg,0
test_images\202404.jpg,0
test_images\202405.jpg,0
test_images\202406.jpg,0
test_images\202407.jpg,0
test_images\202408.jpg,0
test_images\202409.jpg,0
test_images\202410.jpg,0
test_images\202411.jpg,0
test_images\202412.jpg,0
test_images\202413.jpg,0
test_images\202414.jpg,0
test_images\202415.jpg,0
test_images\202416.jpg,0
test_images\202417.jpg,0
test_images\202418.jpg,0
test_images\202419.jpg,0
test_images\202420.jpg,0
test_images\202421.jpg,0
test_images\202422.jpg,0
test_images\202423.jpg,0
test_images\202424.jpg,0
test_images\202425.jpg,0
test_images\202426.jpg,0
test_images\202427.jpg,0
test_images\202428.jpg,0
test_images\202429.jpg,0
test_images\202430.jpg,0
test_images\202431.jpg,0
test_images\202432.jpg,0
test_images\202433.jpg,0
test_images\202434.jpg,0
test_images\202435.jpg,0
test_images\202436.jpg,0
test_images\202437.jpg,0
test_images\202438.jpg,0
test_images\202439.jpg,0
test_images\202440.jpg,0
test_images\202441.jpg,0
test_images\202442.jpg,0
test_images\202443.jpg,0
test_images\202444.jpg,0
test_images\202445.jpg,0
test_images\202446.jpg,0
test_images\202447.jpg,0
test_images\202448.jpg,0
test_images\202449.jpg,0
test_images\202450.jpg,0
test_images\202451.jpg,0
test_images\202452.jpg,0
test_images\202453.jpg,0
test_images\202454.jpg,0
test_images\202455.jpg,0
test_images\202456.jpg,0
test_images\202457.jpg,0
test_images\202458.jpg,0
test_images\202459.jpg,0
test_images\202460.jpg,0
test_images\202461.jpg,0
test_images\202462.jpg,0
test_images\202463.jpg,0
test_images\202464.jpg,0
test_images\202465.jpg,0
test_images\202466.jpg,0
test_images\202467.jpg,0
test_images\202468.jpg,0
test_images\202469.jpg,0
test_images\202470.jpg,0
test_images\202471.jpg,0
test_images\202472.jpg,0
test_images\202473.jpg,0
test_images\202474.jpg,0
test_images\202475.jpg,0
test_images\202476.jpg,0
test_images\202477.jpg,0
test_images\202478.jpg,0
test_images\202479.jpg,0
test_images\202480.jpg,0
test_images\202481.jpg,0
test_images\202482.jpg,0
test_images\202483.jpg,0
test_images\202484.jpg,0
test_images\202485.jpg,0
test_images\202486.jpg,0
test_images\202487.jpg,0
test_images\202488.jpg,0
test_images\202489.jpg,0
test_images\202490.jpg,0
test_images\202491.jpg,0
test_images\202492.jpg,0
test_images\202493.jpg,0
test_images\202494.jpg,0
test_images\202495.jpg,0
test_images\202496.jpg,0
test_images\202497.jpg,0
test_images\202498.jpg,0
test_images\202499.jpg,0
test_images\202500.jpg,0
test_images\202501.jpg,0
test_images\202502.jpg,0
test_images\202503.jpg,0
test_images\202504.jpg,0
test_images\202505.jpg,0
test_images\202506.jpg,0
test_images\202507.jpg,0
test_images\202508.jpg,0
test_images\202509.jpg,0
test_images\202510.jpg,0
test_images\202511.jpg,0
test_images\202512.jpg,0
test_images\202513.jpg,0
test_images\202514.jpg,0
test_images\202515.jpg,0
test_images\202516.jpg,0
test_images\202517.jpg,0
test_images\202518.jpg,0
test_images\202519.jpg,0
test_images\202520.jpg,0
test_images\202521.jpg,0
test_images\202522.jpg,0
test_images\202523.jpg,0
test_images\202524.jpg,0
test_images\202525.jpg,0
test_images\202526.jpg,0
test_images\202527.jpg,0
test_images\202528.jpg,0
test_images\202529.jpg,0
test_images\202530.jpg,0
test_images\202531.jpg,0
test_images\202532.jpg,0
test_images\202533.jpg,0
test_images\202534.jpg,0
test_images\202535.jpg,0
test_images\202536.jpg,0
test_images\202537.jpg,0
test_images\202538.jpg,0
test_images\202539.jpg,0
test_images\202540.jpg,0
test_images\202541.jpg,0
test_images\202542.jpg,0
test_images\202543.jpg,0
test_images\202544.jpg,0
test_images\202545.jpg,0
test_images\202546.jpg,0
test_images\202547.jpg,0
test_images\202548.jpg,0
test_images\202549.jpg,0
test_images\202550.jpg,0
test_images\202551.jpg,0
test_images\202552.jpg,0
test_images\202553.jpg,0
test_images\202554.jpg,0
test_images\202555.jpg,0
test_images\202556.jpg,0
test_images\202557.jpg,0
test_images\202558.jpg,0
test_images\202559.jpg,0
test_images\202560.jpg,0
test_images\202561.jpg,0
test_images\202562.jpg,0
test_images\202563.jpg,0
test_images\202564.jpg,0
test_images\202565.jpg,0
test_images\202566.jpg,0
test_images\202567.jpg,0
test_images\202568.jpg,0
test_images\202569.jpg,0
test_images\202570.jpg,0
test_images\202571.jpg,0
test_images\202572.jpg,0
test_images\202573.jpg,0
test_images\202574.jpg,0
test_images\202575.jpg,0
test_images\202576.jpg,0
test_images\202577.jpg,0
test_images\202578.jpg,0
test_images\202579.jpg,0
test_images\202580.jpg,0
test_images\202581.jpg,0
test_images\202582.jpg,0
test_images\202583.jpg,0
test_images\202584.jpg,0
test_images\202585.jpg,0
test_images\202586.jpg,0
test_images\202587.jpg,0
test_images\202588.jpg,0
test_images\202589.jpg,0
test_images\202590.jpg,0
test_images\202591.jpg,0
test_images\202592.jpg,0
test_images\202593.jpg,0
test_images\202594.jpg,0
test_images\202595.jpg,0
test_images\202596.jpg,0
test_images\202597.jpg,0
test_images\202598.jpg,0
test_images\202599.jpg,0
test_images\202600.jpg,0
test_images\202601.jpg,0
test_images\202602.jpg,0
test_images\202603.jpg,0
test_images\202604.jpg,0
test_images\202605.jpg,0
test_images\202606.jpg,0
test_images\202607.jpg,0
test_images\202608.jpg,0
test_images\202609.jpg,0
test_images\202610.jpg,0
test_images\202611.jpg,0
test_images\202612.jpg,0
test_images\202613.jpg,0
test_images\202614.jpg,0
test_images\202615.jpg,0
test_images\202616.jpg,0
test_images\202617.jpg,0
test_images\202618.jpg,0
test_images\202619.jpg,0
test_images\202620.jpg,0
test_images\202621.jpg,0
test_images\202622.jpg,0
test_images\202623.jpg,0
test_images\202624.jpg,0
test_images\202625.jpg,0
test_images\202626.jpg,0
test_images\202627.jpg,0
test_images\202628.jpg,0
test_images\202629.jpg,0
test_images\202630.jpg,0
test_images\202631.jpg,0
test_images\202632.jpg,0
test_images\202633.jpg,0
test_images\202634.jpg,0
test_images\202635.jpg,0
test_images\202636.jpg,0
test_images\202637.jpg,0
test_images\202638.jpg,0
test_images\202639.jpg,0
test_images\202640.jpg,0
test_images\202641.jpg,0
test_images\202642.jpg,0
test_images\202643.jpg,0
test_images\202644.jpg,0
test_images\202645.jpg,0
test_images\202646.jpg,0
test_images\202647.jpg,0
test_images\202648.jpg,0
test_images\202649.jpg,0
test_images\202650.jpg,0
test_images\202651.jpg,0
test_images\202652.jpg,0
test_images\202653.jpg,0
test_images\202654.jpg,0
test_images\202655.jpg,0
test_images\202656.jpg,0
test_images\202657.jpg,0
test_images\202658.jpg,0
test_images\202659.jpg,0
test_images\202660.jpg,0
test_images\202661.jpg,0
test_images\202662.jpg,0
test_images\202663.jpg,0
test_images\202664.jpg,0
test_images\202665.jpg,0
test_images\202666.jpg,0
test_images\202667.jpg,0
test_images\202668.jpg,0
test_images\202669.jpg,0
test_images\202670.jpg,0
test_images\202671.jpg,0
test_images\202672.jpg,0
test_images\202673.jpg,0
test_images\202674.jpg,0
test_images\202675.jpg,0
test_images\202676.jpg,0
test_images\202677.jpg,0
test_images\202678.jpg,0
test_images\202679.jpg,0
test_images\202680.jpg,0
test_images\202681.jpg,0
test_images\202682.jpg,0
test_images\202683.jpg,0
test_images\202684.jpg,0
test_images\202685.jpg,0
test_images\202686.jpg,0
test_images\202687.jpg,0
test_images\202688.jpg,0
test_images\202689.jpg,0
test_images\202690.jpg,0
test_images\202691.jpg,0
test_images\202692.jpg,0
test_images\202693.jpg,0
test_images\202694.jpg,0
test_images\202695.jpg,0
test_images\202696.jpg,0
test_images\202697.jpg,0
test_images\202698.jpg,0
test_images\202699.jpg,0
test_images\202700.jpg,0
test_images\202701.jpg,0
test_images\202702.jpg,0
test_images\202703.jpg,0
test_images\202704.jpg,0
test_images\202705.jpg,0
test_images\202706.jpg,0
test_images\202707.jpg,0
test_images\202708.jpg,0
test_images\202709.jpg,0
test_images\202710.jpg,0
test_images\202711.jpg,0
test_images\202712.jpg,0
test_images\202713.jpg,0
test_images\202714.jpg,0
test_images\202715.jpg,0
test_images\202716.jpg,0
test_images\202717.jpg,0
test_images\202718.jpg,0
test_images\202719.jpg,0
test_images\202720.jpg,0
test_images\202721.jpg,0
test_images\202722.jpg,0
test_images\202723.jpg,0
test_images\202724.jpg,0
test_images\202725.jpg,0
test_images\202726.jpg,0
test_images\202727.jpg,0
test_images\202728.jpg,0
test_images\202729.jpg,0
test_images\202730.jpg,0
test_images\202731.jpg,0
test_images\202732.jpg,0
test_images\202733.jpg,0
test_images\202734.jpg,0
test_images\202735.jpg,0
test_images\202736.jpg,0
test_images\202737.jpg,0
test_images\202738.jpg,0
test_images\202739.jpg,0
test_images\202740.jpg,0
test_images\202741.jpg,0
test_images\202742.jpg,0
test_images\202743.jpg,0
test_images\202744.jpg,0
test_images\202745.jpg,0
test_images\202746.jpg,0
test_images\202747.jpg,0
test_images\202748.jpg,0
test_images\202749.jpg,0
test_images\202750.jpg,0
test_images\202751.jpg,0
test_images\202752.jpg,0
test_images\202753.jpg,0
test_images\202754.jpg,0
test_images\202755.jpg,0
test_images\202756.jpg,0
test_images\202757.jpg,0
test_images\202758.jpg,0
test_images\202759.jpg,0
test_images\202760.jpg,0
test_images\202761.jpg,0
test_images\202762.jpg,0
test_images\202763.jpg,0
test_images\202764.jpg,0
test_images\202765.jpg,0
test_images\202766.jpg,0
test_images\202767.jpg,0
test_images\202768.jpg,0
test_images\202769.jpg,0
test_images\202770.jpg,0
test_images\202771.jpg,0
test_images\202772.jpg,0
test_images\202773.jpg,0
test_images\202774.jpg,0
test_images\202775.jpg,0
test_images\202776.jpg,0
test_images\202777.jpg,0
test_images\202778.jpg,0
test_images\202779.jpg,0
test_images\202780.jpg,0
test_images\202781.jpg,0
test_images\202782.jpg,0
test_images\202783.jpg,0
test_images\202784.jpg,0
test_images\202785.jpg,0
test_images\202786.jpg,0
test_images\202787.jpg,0
test_images\202788.jpg,0
test_images\202789.jpg,0
test_images\202790.jpg,0
test_images\202791.jpg,0
test_images\202792.jpg,0
test_images\202793.jpg,0
test_images\202794.jpg,0
test_images\202795.jpg,0
test_images\202796.jpg,0
test_images\202797.jpg,0
test_images\202798.jpg,0
test_images\202799.jpg,0
test_images\202800.jpg,0
test_images\202801.jpg,0
test_images\202802.jpg,0
test_images\202803.jpg,0
test_images\202804.jpg,0
test_images\202805.jpg,0
test_images\202806.jpg,0
test_images\202807.jpg,0
test_images\202808.jpg,0
test_images\202809.jpg,0
test_images\202810.jpg,0
test_images\202811.jpg,0
test_images\202812.jpg,0
test_images\202813.jpg,0
test_images\202814.jpg,0
test_images\202815.jpg,0
test_images\202816.jpg,0
test_images\202817.jpg,0
test_images\202818.jpg,0
test_images\202819.jpg,0
test_images\202820.jpg,0
test_images\202821.jpg,0
test_images\202822.jpg,0
test_images\202823.jpg,0
test_images\202824.jpg,0
test_images\202825.jpg,0
test_images\202826.jpg,0
test_images\202827.jpg,0
test_images\202828.jpg,0
test_images\202829.jpg,0
test_images\202830.jpg,0
test_images\202831.jpg,0
test_images\202832.jpg,0
test_images\202833.jpg,0
test_images\202834.jpg,0
test_images\202835.jpg,0
test_images\202836.jpg,0
test_images\202837.jpg,0
test_images\202838.jpg,0
test_images\202839.jpg,0
test_images\202840.jpg,0
test_images\202841.jpg,0
test_images\202842.jpg,0
test_images\202843.jpg,0
test_images\202844.jpg,0
test_images\202845.jpg,0
test_images\202846.jpg,0
test_images\202847.jpg,0
test_images\202848.jpg,0
test_images\202849.jpg,0
test_images\202850.jpg,0
test_images\202851.jpg,0
test_images\202852.jpg,0
test_images\202853.jpg,0
test_images\202854.jpg,0
test_images\202855.jpg,0
test_images\202856.jpg,0
test_images\202857.jpg,0
test_images\202858.jpg,0
test_images\202859.jpg,0
test_images\202860.jpg,0
test_images\202861.jpg,0
test_images\202862.jpg,0
test_images\202863.jpg,0
test_images\202864.jpg,0
test_images\202865.jpg,0
test_images\202866.jpg,0
test_images\202867.jpg,0
test_images\202868.jpg,0
test_images\202869.jpg,0
test_images\202870.jpg,0
test_images\202871.jpg,0
test_images\202872.jpg,0
test_images\202873.jpg,0
test_images\202874.jpg,0
test_images\202875.jpg,0
test_images\202876.jpg,0
test_images\202877.jpg,0
test_images\202878.jpg,0
test_images\202879.jpg,0
test_images\202880.jpg,0
test_images\202881.jpg,0
test_images\202882.jpg,0
test_images\202883.jpg,0
test_images\202884.jpg,0
test_images\202885.jpg,0
test_images\202886.jpg,0
test_images\202887.jpg,0
test_images\202888.jpg,0
test_images\202889.jpg,0
test_images\202890.jpg,0
test_images\202891.jpg,0
test_images\202892.jpg,0
test_images\202893.jpg,0
test_images\202894.jpg,0
test_images\202895.jpg,0
test_images\202896.jpg,0
test_images\202897.jpg,0
test_images\202898.jpg,0
test_images\202899.jpg,0
test_images\202900.jpg,0
test_images\202901.jpg,0
test_images\202902.jpg,0
test_images\202903.jpg,0
test_images\202904.jpg,0
test_images\202905.jpg,0
test_images\202906.jpg,0
test_images\202907.jpg,0
test_images\202908.jpg,0
test_images\202909.jpg,0
test_images\202910.jpg,0
test_images\202911.jpg,0
test_images\202912.jpg,0
test_images\202913.jpg,0
test_images\202914.jpg,0
test_images\202915.jpg,0
test_images\202916.jpg,0
test_images\202917.jpg,0
test_images\202918.jpg,0
test_images\202919.jpg,0
test_images\202920.jpg,0
test_images\202921.jpg,0
test_images\202922.jpg,0
test_images\202923.jpg,0
test_images\202924.jpg,0
test_images\202925.jpg,0
test_images\202926.jpg,0
test_images\202927.jpg,0
test_images\202928.jpg,0
test_images\202929.jpg,0
test_images\202930.jpg,0
test_images\202931.jpg,0
test_images\202932.jpg,0
test_images\202933.jpg,0
test_images\202934.jpg,0
test_images\202935.jpg,0
test_images\202936.jpg,0
test_images\202937.jpg,0
test_images\202938.jpg,0
test_images\202939.jpg,0
test_images\202940.jpg,0
test_images\202941.jpg,0
test_images\202942.jpg,0
test_images\202943.jpg,0
test_images\202944.jpg,0
test_images\202945.jpg,0
test_images\202946.jpg,0
test_images\202947.jpg,0
test_images\202948.jpg,0
test_images\202949.jpg,0
test_images\202950.jpg,0
test_images\202951.jpg,0
test_images\202952.jpg,0
test_images\202953.jpg,0
test_images\202954.jpg,0
test_images\202955.jpg,0
test_images\202956.jpg,0
test_images\202957.jpg,0
test_images\202958.jpg,0
test_images\202959.jpg,0
test_images\202960.jpg,0
test_images\202961.jpg,0
test_images\202962.jpg,0
test_images\202963.jpg,0
test_images\202964.jpg,0
test_images\202965.jpg,0
test_images\202966.jpg,0
test_images\202967.jpg,0
test_images\202968.jpg,0
test_images\202969.jpg,0
test_images\202970.jpg,0
test_images\202971.jpg,0
test_images\202972.jpg,0
test_images\202973.jpg,0
test_images\202974.jpg,0
test_images\202975.jpg,0
test_images\202976.jpg,0
test_images\202977.jpg,0
test_images\202978.jpg,0
test_images\202979.jpg,0
test_images\202980.jpg,0
test_images\202981.jpg,0
test_images\202982.jpg,0
test_images\202983.jpg,0
test_images\202984.jpg,0
test_images\202985.jpg,0
test_images\202986.jpg,0
test_images\202987.jpg,0
test_images\202988.jpg,0
test_images\202989.jpg,0
test_images\202990.jpg,0
test_images\202991.jpg,0
test_images\202992.jpg,0
test_images\202993.jpg,0
test_images\202994.jpg,0
test_images\202995.jpg,0
test_images\202996.jpg,0
test_images\202997.jpg,0
test_images\202998.jpg,0
test_images\202999.jpg,0
test_images\203000.jpg,0
test_images\203001.jpg,0
test_images\203002.jpg,0
test_images\203003.jpg,0
test_images\203004.jpg,0
test_images\203005.jpg,0
test_images\203006.jpg,0
test_images\203007.jpg,0
test_images\203008.jpg,0
test_images\203009.jpg,0
test_images\203010.jpg,0
test_images\203011.jpg,0
test_images\203012.jpg,0
test_images\203013.jpg,0
test_images\203014.jpg,0
test_images\203015.jpg,0
test_images\203016.jpg,0
test_images\203017.jpg,0
test_images\203018.jpg,0
test_images\203019.jpg,0
test_images\203020.jpg,0
test_images\203021.jpg,0
test_images\203022.jpg,0
test_images\203023.jpg,0
test_images\203024.jpg,0
test_images\203025.jpg,0
test_images\203026.jpg,0
test_images\203027.jpg,0
test_images\203028.jpg,0
test_images\203029.jpg,0
test_images\203030.jpg,0
test_images\203031.jpg,0
test_images\203032.jpg,0
test_images\203033.jpg,0
test_images\203034.jpg,0
test_images\203035.jpg,0
test_images\203036.jpg,0
test_images\203037.jpg,0
test_images\203038.jpg,0
test_images\203039.jpg,0
test_images\203040.jpg,0
test_images\203041.jpg,0
test_images\203042.jpg,0
test_images\203043.jpg,0
test_images\203044.jpg,0
test_images\203045.jpg,0
test_images\203046.jpg,0
test_images\203047.jpg,0
test_images\203048.jpg,0
test_images\203049.jpg,0
test_images\203050.jpg,0
test_images\203051.jpg,0
test_images\203052.jpg,0
test_images\203053.jpg,0
test_images\203054.jpg,0
test_images\203055.jpg,0
test_images\203056.jpg,0
test_images\203057.jpg,0
test_images\203058.jpg,0
test_images\203059.jpg,0
test_images\203060.jpg,0
test_images\203061.jpg,0
test_images\203062.jpg,0
test_images\203063.jpg,0
test_images\203064.jpg,0
test_images\203065.jpg,0
test_images\203066.jpg,0
test_images\203067.jpg,0
test_images\203068.jpg,0
test_images\203069.jpg,0
test_images\203070.jpg,0
test_images\203071.jpg,0
test_images\203072.jpg,0
test_images\203073.jpg,0
test_images\203074.jpg,0
test_images\203075.jpg,0
test_images\203076.jpg,0
test_images\203077.jpg,0
test_images\203078.jpg,0
test_images\203079.jpg,0
test_images\203080.jpg,0
test_images\203081.jpg,0
test_images\203082.jpg,0
test_images\203083.jpg,0
test_images\203084.jpg,0
test_images\203085.jpg,0
test_images\203086.jpg,0
test_images\203087.jpg,0
test_images\203088.jpg,0
test_images\203089.jpg,0
test_images\203090.jpg,0
test_images\203091.jpg,0
test_images\203092.jpg,0
test_images\203093.jpg,0
test_images\203094.jpg,0
test_images\203095.jpg,0
test_images\203096.jpg,0
test_images\203097.jpg,0
test_images\203098.jpg,0
test_images\203099.jpg,0
test_images\203100.jpg,0
test_images\203101.jpg,0
test_images\203102.jpg,0
test_images\203103.jpg,0
test_images\203104.jpg,0
test_images\203105.jpg,0
test_images\203106.jpg,0
test_images\203107.jpg,0
test_images\203108.jpg,0
test_images\203109.jpg,0
test_images\203110.jpg,0
test_images\203111.jpg,0
test_images\203112.jpg,0
test_images\203113.jpg,0
test_images\203114.jpg,0
test_images\203115.jpg,0
test_images\203116.jpg,0
test_images\203117.jpg,0
test_images\203118.jpg,0
test_images\203119.jpg,0
test_images\203120.jpg,0
test_images\203121.jpg,0
test_images\203122.jpg,0
test_images\203123.jpg,0
test_images\203124.jpg,0
test_images\203125.jpg,0
test_images\203126.jpg,0
test_images\203127.jpg,0
test_images\203128.jpg,0
test_images\203129.jpg,0
test_images\203130.jpg,0
test_images\203131.jpg,0
test_images\203132.jpg,0
test_images\203133.jpg,0
test_images\203134.jpg,0
test_images\203135.jpg,0
test_images\203136.jpg,0
test_images\203137.jpg,0
test_images\203138.jpg,0
test_images\203139.jpg,0
test_images\203140.jpg,0
test_images\203141.jpg,0
test_images\203142.jpg,0
test_images\203143.jpg,0
test_images\203144.jpg,0
test_images\203145.jpg,0
test_images\203146.jpg,0
test_images\203147.jpg,0
test_images\203148.jpg,0
test_images\203149.jpg,0
test_images\203150.jpg,0
test_images\203151.jpg,0
test_images\203152.jpg,0
test_images\203153.jpg,0
test_images\203154.jpg,0
test_images\203155.jpg,0
test_images\203156.jpg,0
test_images\203157.jpg,0
test_images\203158.jpg,0
test_images\203159.jpg,0
test_images\203160.jpg,0
test_images\203161.jpg,0
test_images\203162.jpg,0
test_images\203163.jpg,0
test_images\203164.jpg,0
test_images\203165.jpg,0
test_images\203166.jpg,0
test_images\203167.jpg,0
test_images\203168.jpg,0
test_images\203169.jpg,0
test_images\203170.jpg,0
test_images\203171.jpg,0
test_images\203172.jpg,0
test_images\203173.jpg,0
test_images\203174.jpg,0
test_images\203175.jpg,0
test_images\203176.jpg,0
test_images\203177.jpg,0
test_images\203178.jpg,0
test_images\203179.jpg,0
test_images\203180.jpg,0
test_images\203181.jpg,0
test_images\203182.jpg,0
test_images\203183.jpg,0
test_images\203184.jpg,0
test_images\203185.jpg,0
test_images\203186.jpg,0
test_images\203187.jpg,0
test_images\203188.jpg,0
test_images\203189.jpg,0
test_images\203190.jpg,0
test_images\203191.jpg,0
test_images\203192.jpg,0
test_images\203193.jpg,0
test_images\203194.jpg,0
test_images\203195.jpg,0
test_images\203196.jpg,0
test_images\203197.jpg,0
test_images\203198.jpg,0
test_images\203199.jpg,0
test_images\203200.jpg,0
test_images\203201.jpg,0
test_images\203202.jpg,0
test_images\203203.jpg,0
test_images\203204.jpg,0
test_images\203205.jpg,0
test_images\203206.jpg,0
test_images\203207.jpg,0
test_images\203208.jpg,0
test_images\203209.jpg,0
test_images\203210.jpg,0
test_images\203211.jpg,0
test_images\203212.jpg,0
test_images\203213.jpg,0
test_images\203214.jpg,0
test_images\203215.jpg,0
test_images\203216.jpg,0
test_images\203217.jpg,0
test_images\203218.jpg,0
test_images\203219.jpg,0
test_images\203220.jpg,0
test_images\203221.jpg,0
test_images\203222.jpg,0
test_images\203223.jpg,0
test_images\203224.jpg,0
test_images\203225.jpg,0
test_images\203226.jpg,0
test_images\203227.jpg,0
test_images\203228.jpg,0
test_images\203229.jpg,0
test_images\203230.jpg,0
test_images\203231.jpg,0
test_images\203232.jpg,0
test_images\203233.jpg,0
test_images\203234.jpg,0
test_images\203235.jpg,0
test_images\203236.jpg,0
test_images\203237.jpg,0
test_images\203238.jpg,0
test_images\203239.jpg,0
test_images\203240.jpg,0
test_images\203241.jpg,0
test_images\203242.jpg,0
test_images\203243.jpg,0
test_images\203244.jpg,0
test_images\203245.jpg,0
test_images\203246.jpg,0
test_images\203247.jpg,0
test_images\203248.jpg,0
test_images\203249.jpg,0
test_images\203250.jpg,0
test_images\203251.jpg,0
test_images\203252.jpg,0
test_images\203253.jpg,0
test_images\203254.jpg,0
test_images\203255.jpg,0
test_images\203256.jpg,0
test_images\203257.jpg,0
test_images\203258.jpg,0
test_images\203259.jpg,0
test_images\203260.jpg,0
test_images\203261.jpg,0
test_images\203262.jpg,0
test_images\203263.jpg,0
test_images\203264.jpg,0
test_images\203265.jpg,0
test_images\203266.jpg,0
test_images\203267.jpg,0
test_images\203268.jpg,0
test_images\203269.jpg,0
test_images\203270.jpg,0
test_images\203271.jpg,0
test_images\203272.jpg,0
test_images\203273.jpg,0
test_images\203274.jpg,0
test_images\203275.jpg,0
test_images\203276.jpg,0
test_images\203277.jpg,0
test_images\203278.jpg,0
test_images\203279.jpg,0
test_images\203280.jpg,0
test_images\203281.jpg,0
test_images\203282.jpg,0
test_images\203283.jpg,0
test_images\203284.jpg,0
test_images\203285.jpg,0
test_images\203286.jpg,0
test_images\203287.jpg,0
test_images\203288.jpg,0
test_images\203289.jpg,0
test_images\203290.jpg,0
test_images\203291.jpg,0
test_images\203292.jpg,0
test_images\203293.jpg,0
test_images\203294.jpg,0
test_images\203295.jpg,0
test_images\203296.jpg,0
test_images\203297.jpg,0
test_images\203298.jpg,0
test_images\203299.jpg,0
test_images\203300.jpg,0
test_images\203301.jpg,0
test_images\203302.jpg,0
test_images\203303.jpg,0
test_images\203304.jpg,0
test_images\203305.jpg,0
test_images\203306.jpg,0
test_images\203307.jpg,0
test_images\203308.jpg,0
test_images\203309.jpg,0
test_images\203310.jpg,0
test_images\203311.jpg,0
test_images\203312.jpg,0
test_images\203313.jpg,0
test_images\203314.jpg,0
test_images\203315.jpg,0
test_images\203316.jpg,0
test_images\203317.jpg,0
test_images\203318.jpg,0
test_images\203319.jpg,0
test_images\203320.jpg,0
test_images\203321.jpg,0
test_images\203322.jpg,0
test_images\203323.jpg,0
test_images\203324.jpg,0
test_images\203325.jpg,0
test_images\203326.jpg,0
test_images\203327.jpg,0
test_images\203328.jpg,0
test_images\203329.jpg,0
test_images\203330.jpg,0
test_images\203331.jpg,0
test_images\203332.jpg,0
test_images\203333.jpg,0
test_images\203334.jpg,0
test_images\203335.jpg,0
test_images\203336.jpg,0
test_images\203337.jpg,0
test_images\203338.jpg,0
test_images\203339.jpg,0
test_images\203340.jpg,0
test_images\203341.jpg,0
test_images\203342.jpg,0
test_images\203343.jpg,0
test_images\203344.jpg,0
test_images\203345.jpg,0
test_images\203346.jpg,0
test_images\203347.jpg,0
test_images\203348.jpg,0
test_images\203349.jpg,0
test_images\203350.jpg,0
test_images\203351.jpg,0
test_images\203352.jpg,0
test_images\203353.jpg,0
test_images\203354.jpg,0
test_images\203355.jpg,0
test_images\203356.jpg,0
test_images\203357.jpg,0
test_images\203358.jpg,0
test_images\203359.jpg,0
test_images\203360.jpg,0
test_images\203361.jpg,0
test_images\203362.jpg,0
test_images\203363.jpg,0
test_images\203364.jpg,0
test_images\203365.jpg,0
test_images\203366.jpg,0
test_images\203367.jpg,0
test_images\203368.jpg,0
test_images\203369.jpg,0
test_images\203370.jpg,0
test_images\203371.jpg,0
test_images\203372.jpg,0
test_images\203373.jpg,0
test_images\203374.jpg,0
test_images\203375.jpg,0
test_images\203376.jpg,0
test_images\203377.jpg,0
test_images\203378.jpg,0
test_images\203379.jpg,0
test_images\203380.jpg,0
test_images\203381.jpg,0
test_images\203382.jpg,0
test_images\203383.jpg,0
test_images\203384.jpg,0
test_images\203385.jpg,0
test_images\203386.jpg,0
test_images\203387.jpg,0
test_images\203388.jpg,0
test_images\203389.jpg,0
test_images\203390.jpg,0
test_images\203391.jpg,0
test_images\203392.jpg,0
test_images\203393.jpg,0
test_images\203394.jpg,0
test_images\203395.jpg,0
test_images\203396.jpg,0
test_images\203397.jpg,0
test_images\203398.jpg,0
test_images\203399.jpg,0
test_images\203400.jpg,0
test_images\203401.jpg,0
test_images\203402.jpg,0
test_images\203403.jpg,0
test_images\203404.jpg,0
test_images\203405.jpg,0
test_images\203406.jpg,0
test_images\203407.jpg,0
test_images\203408.jpg,0
test_images\203409.jpg,0
test_images\203410.jpg,0
test_images\203411.jpg,0
test_images\203412.jpg,0
test_images\203413.jpg,0
test_images\203414.jpg,0
test_images\203415.jpg,0
test_images\203416.jpg,0
test_images\203417.jpg,0
test_images\203418.jpg,0
test_images\203419.jpg,0
test_images\203420.jpg,0
test_images\203421.jpg,0
test_images\203422.jpg,0
test_images\203423.jpg,0
test_images\203424.jpg,0
test_images\203425.jpg,0
test_images\203426.jpg,0
test_images\203427.jpg,0
test_images\203428.jpg,0
test_images\203429.jpg,0
test_images\203430.jpg,0
test_images\203431.jpg,0
test_images\203432.jpg,0
test_images\203433.jpg,0
test_images\203434.jpg,0
test_images\203435.jpg,0
test_images\203436.jpg,0
test_images\203437.jpg,0
test_images\203438.jpg,0
test_images\203439.jpg,0
test_images\203440.jpg,0
test_images\203441.jpg,0
test_images\203442.jpg,0
test_images\203443.jpg,0
test_images\203444.jpg,0
test_images\203445.jpg,0
test_images\203446.jpg,0
test_images\203447.jpg,0
test_images\203448.jpg,0
test_images\203449.jpg,0
test_images\203450.jpg,0
test_images\203451.jpg,0
test_images\203452.jpg,0
test_images\203453.jpg,0
test_images\203454.jpg,0
test_images\203455.jpg,0
test_images\203456.jpg,0
test_images\203457.jpg,0
test_images\203458.jpg,0
test_images\203459.jpg,0
test_images\203460.jpg,0
test_images\203461.jpg,0
test_images\203462.jpg,0
test_images\203463.jpg,0
test_images\203464.jpg,0
test_images\203465.jpg,0
test_images\203466.jpg,0
test_images\203467.jpg,0
test_images\203468.jpg,0
test_images\203469.jpg,0
