image_id,variety
200001.jpg,IR20
200002.jpg,IR20
200003.jpg,IR20
200004.jpg,ADT45
200005.jpg,Surya
200006.jpg,Surya
200007.jpg,ADT45
200008.jpg,IR20
200009.jpg,Surya
200010.jpg,Surya
200011.jpg,IR20
200012.jpg,IR20
200013.jpg,ADT45
200014.jpg,Surya
200015.jpg,IR20
200016.jpg,Surya
200017.jpg,RR
200018.jpg,Surya
200019.jpg,Surya
200020.jpg,IR20
200021.jpg,Surya
200022.jpg,IR20
200023.jpg,ADT45
200024.jpg,ADT45
200025.jpg,IR20
200026.jpg,Surya
200027.jpg,IR20
200028.jpg,Surya
200029.jpg,Surya
200030.jpg,Surya
200031.jpg,IR20
200032.jpg,IR20
200033.jpg,Surya
200034.jpg,IR20
200035.jpg,IR20
200036.jpg,IR20
200037.jpg,IR20
200038.jpg,KarnatakaPonni
200039.jpg,IR20
200040.jpg,Surya
200041.jpg,IR20
200042.jpg,Surya
200043.jpg,IR20
200044.jpg,ADT45
200045.jpg,KarnatakaPonni
200046.jpg,Surya
200047.jpg,Surya
200048.jpg,RR
200049.jpg,Surya
200050.jpg,Zonal
200051.jpg,AndraPonni
200052.jpg,ADT45
200053.jpg,IR20
200054.jpg,IR20
200055.jpg,Zonal
200056.jpg,Surya
200057.jpg,Surya
200058.jpg,IR20
200059.jpg,ADT45
200060.jpg,ADT45
200061.jpg,Surya
200062.jpg,IR20
200063.jpg,ADT45
200064.jpg,IR20
200065.jpg,IR20
200066.jpg,Surya
200067.jpg,Surya
200068.jpg,Surya
200069.jpg,Surya
200070.jpg,Surya
200071.jpg,Surya
200072.jpg,Surya
200073.jpg,IR20
200074.jpg,Surya
200075.jpg,KarnatakaPonni
200076.jpg,ADT45
200077.jpg,IR20
200078.jpg,IR20
200079.jpg,ADT45
200080.jpg,IR20
200081.jpg,IR20
200082.jpg,ADT45
200083.jpg,Surya
200084.jpg,Surya
200085.jpg,KarnatakaPonni
200086.jpg,IR20
200087.jpg,IR20
200088.jpg,IR20
200089.jpg,Surya
200090.jpg,Surya
200091.jpg,ADT45
200092.jpg,Surya
200093.jpg,IR20
200094.jpg,IR20
200095.jpg,IR20
200096.jpg,ADT45
200097.jpg,KarnatakaPonni
200098.jpg,IR20
200099.jpg,ADT45
200100.jpg,IR20
200101.jpg,RR
200102.jpg,IR20
200103.jpg,Surya
200104.jpg,Onthanel
200105.jpg,IR20
200106.jpg,ADT45
200107.jpg,IR20
200108.jpg,Surya
200109.jpg,Surya
200110.jpg,IR20
200111.jpg,IR20
200112.jpg,RR
200113.jpg,IR20
200114.jpg,Surya
200115.jpg,Surya
200116.jpg,Surya
200117.jpg,KarnatakaPonni
200118.jpg,IR20
200119.jpg,Surya
200120.jpg,ADT45
200121.jpg,Surya
200122.jpg,IR20
200123.jpg,IR20
200124.jpg,IR20
200125.jpg,Surya
200126.jpg,IR20
200127.jpg,IR20
200128.jpg,IR20
200129.jpg,ADT45
200130.jpg,Surya
200131.jpg,ADT45
200132.jpg,ADT45
200133.jpg,ADT45
200134.jpg,IR20
200135.jpg,Surya
200136.jpg,ADT45
200137.jpg,Surya
200138.jpg,IR20
200139.jpg,Surya
200140.jpg,IR20
200141.jpg,IR20
200142.jpg,Surya
200143.jpg,ADT45
200144.jpg,Surya
200145.jpg,ADT45
200146.jpg,ADT45
200147.jpg,Surya
200148.jpg,Surya
200149.jpg,ADT45
200150.jpg,IR20
200151.jpg,ADT45
200152.jpg,ADT45
200153.jpg,IR20
200154.jpg,Surya
200155.jpg,Surya
200156.jpg,Surya
200157.jpg,Surya
200158.jpg,ADT45
200159.jpg,Surya
200160.jpg,IR20
200161.jpg,ADT45
200162.jpg,ADT45
200163.jpg,ADT45
200164.jpg,IR20
200165.jpg,IR20
200166.jpg,IR20
200167.jpg,IR20
200168.jpg,IR20
200169.jpg,Surya
200170.jpg,Surya
200171.jpg,IR20
200172.jpg,ADT45
200173.jpg,IR20
200174.jpg,IR20
200175.jpg,Surya
200176.jpg,IR20
200177.jpg,Surya
200178.jpg,RR
200179.jpg,IR20
200180.jpg,IR20
200181.jpg,RR
200182.jpg,IR20
200183.jpg,KarnatakaPonni
200184.jpg,IR20
200185.jpg,ADT45
200186.jpg,IR20
200187.jpg,IR20
200188.jpg,Onthanel
200189.jpg,IR20
200190.jpg,IR20
200191.jpg,IR20
200192.jpg,IR20
200193.jpg,IR20
200194.jpg,Surya
200195.jpg,IR20
200196.jpg,IR20
200197.jpg,ADT45
200198.jpg,IR20
200199.jpg,ADT45
200200.jpg,Surya
200201.jpg,IR20
200202.jpg,IR20
200203.jpg,IR20
200204.jpg,IR20
200205.jpg,IR20
200206.jpg,IR20
200207.jpg,Surya
200208.jpg,ADT45
200209.jpg,IR20
200210.jpg,ADT45
200211.jpg,ADT45
200212.jpg,IR20
200213.jpg,Zonal
200214.jpg,IR20
200215.jpg,IR20
200216.jpg,IR20
200217.jpg,IR20
200218.jpg,Surya
200219.jpg,IR20
200220.jpg,KarnatakaPonni
200221.jpg,Surya
200222.jpg,Surya
200223.jpg,ADT45
200224.jpg,ADT45
200225.jpg,Surya
200226.jpg,ADT45
200227.jpg,Surya
200228.jpg,IR20
200229.jpg,RR
200230.jpg,IR20
200231.jpg,Surya
200232.jpg,Surya
200233.jpg,RR
200234.jpg,Surya
200235.jpg,ADT45
200236.jpg,Surya
200237.jpg,Surya
200238.jpg,Surya
200239.jpg,ADT45
200240.jpg,Surya
200241.jpg,IR20
200242.jpg,Surya
200243.jpg,Surya
200244.jpg,Surya
200245.jpg,IR20
200246.jpg,ADT45
200247.jpg,Surya
200248.jpg,Surya
200249.jpg,IR20
200250.jpg,IR20
200251.jpg,ADT45
200252.jpg,Surya
200253.jpg,IR20
200254.jpg,ADT45
200255.jpg,RR
200256.jpg,ADT45
200257.jpg,Surya
200258.jpg,IR20
200259.jpg,ADT45
200260.jpg,IR20
200261.jpg,IR20
200262.jpg,RR
200263.jpg,Zonal
200264.jpg,RR
200265.jpg,KarnatakaPonni
200266.jpg,ADT45
200267.jpg,AndraPonni
200268.jpg,IR20
200269.jpg,RR
200270.jpg,ADT45
200271.jpg,ADT45
200272.jpg,Surya
200273.jpg,Surya
200274.jpg,Surya
200275.jpg,IR20
200276.jpg,IR20
200277.jpg,KarnatakaPonni
200278.jpg,IR20
200279.jpg,RR
200280.jpg,ADT45
200281.jpg,ADT45
200282.jpg,IR20
200283.jpg,IR20
200284.jpg,RR
200285.jpg,IR20
200286.jpg,RR
200287.jpg,ADT45
200288.jpg,IR20
200289.jpg,Surya
200290.jpg,IR20
200291.jpg,Surya
200292.jpg,IR20
200293.jpg,RR
200294.jpg,IR20
200295.jpg,IR20
200296.jpg,IR20
200297.jpg,IR20
200298.jpg,Ponni
200299.jpg,Surya
200300.jpg,ADT45
200301.jpg,Surya
200302.jpg,Surya
200303.jpg,IR20
200304.jpg,Surya
200305.jpg,IR20
200306.jpg,Surya
200307.jpg,Surya
200308.jpg,Surya
200309.jpg,IR20
200310.jpg,IR20
200311.jpg,ADT45
200312.jpg,IR20
200313.jpg,ADT45
200314.jpg,IR20
200315.jpg,IR20
200316.jpg,RR
200317.jpg,IR20
200318.jpg,ADT45
200319.jpg,IR20
200320.jpg,IR20
200321.jpg,IR20
200322.jpg,Surya
200323.jpg,IR20
200324.jpg,IR20
200325.jpg,IR20
200326.jpg,Surya
200327.jpg,Surya
200328.jpg,IR20
200329.jpg,IR20
200330.jpg,IR20
200331.jpg,Surya
200332.jpg,AndraPonni
200333.jpg,Surya
200334.jpg,Surya
200335.jpg,Surya
200336.jpg,Surya
200337.jpg,Surya
200338.jpg,Surya
200339.jpg,KarnatakaPonni
200340.jpg,Surya
200341.jpg,IR20
200342.jpg,Surya
200343.jpg,IR20
200344.jpg,ADT45
200345.jpg,AndraPonni
200346.jpg,IR20
200347.jpg,IR20
200348.jpg,IR20
200349.jpg,IR20
200350.jpg,Surya
200351.jpg,ADT45
200352.jpg,RR
200353.jpg,IR20
200354.jpg,IR20
200355.jpg,Surya
200356.jpg,KarnatakaPonni
200357.jpg,Onthanel
200358.jpg,IR20
200359.jpg,Surya
200360.jpg,Surya
200361.jpg,IR20
200362.jpg,IR20
200363.jpg,IR20
200364.jpg,RR
200365.jpg,Surya
200366.jpg,Surya
200367.jpg,IR20
200368.jpg,Surya
200369.jpg,ADT45
200370.jpg,IR20
200371.jpg,ADT45
200372.jpg,IR20
200373.jpg,Surya
200374.jpg,Surya
200375.jpg,IR20
200376.jpg,ADT45
200377.jpg,Surya
200378.jpg,ADT45
200379.jpg,ADT45
200380.jpg,Surya
200381.jpg,IR20
200382.jpg,ADT45
200383.jpg,IR20
200384.jpg,IR20
200385.jpg,IR20
200386.jpg,ADT45
200387.jpg,Surya
200388.jpg,Surya
200389.jpg,IR20
200390.jpg,IR20
200391.jpg,IR20
200392.jpg,AndraPonni
200393.jpg,ADT45
200394.jpg,Surya
200395.jpg,ADT45
200396.jpg,ADT45
200397.jpg,IR20
200398.jpg,Surya
200399.jpg,IR20
200400.jpg,RR
200401.jpg,ADT45
200402.jpg,IR20
200403.jpg,ADT45
200404.jpg,Surya
200405.jpg,IR20
200406.jpg,IR20
200407.jpg,Surya
200408.jpg,ADT45
200409.jpg,IR20
200410.jpg,Surya
200411.jpg,Surya
200412.jpg,ADT45
200413.jpg,Surya
200414.jpg,RR
200415.jpg,Surya
200416.jpg,Surya
200417.jpg,Surya
200418.jpg,ADT45
200419.jpg,Surya
200420.jpg,IR20
200421.jpg,KarnatakaPonni
200422.jpg,IR20
200423.jpg,RR
200424.jpg,ADT45
200425.jpg,IR20
200426.jpg,Surya
200427.jpg,Surya
200428.jpg,Surya
200429.jpg,ADT45
200430.jpg,IR20
200431.jpg,ADT45
200432.jpg,IR20
200433.jpg,ADT45
200434.jpg,KarnatakaPonni
200435.jpg,IR20
200436.jpg,IR20
200437.jpg,IR20
200438.jpg,Surya
200439.jpg,Surya
200440.jpg,AndraPonni
200441.jpg,IR20
200442.jpg,IR20
200443.jpg,IR20
200444.jpg,Surya
200445.jpg,Surya
200446.jpg,ADT45
200447.jpg,Surya
200448.jpg,ADT45
200449.jpg,IR20
200450.jpg,ADT45
200451.jpg,Surya
200452.jpg,RR
200453.jpg,ADT45
200454.jpg,ADT45
200455.jpg,Surya
200456.jpg,IR20
200457.jpg,Surya
200458.jpg,ADT45
200459.jpg,ADT45
200460.jpg,ADT45
200461.jpg,AndraPonni
200462.jpg,IR20
200463.jpg,ADT45
200464.jpg,IR20
200465.jpg,RR
200466.jpg,Surya
200467.jpg,IR20
200468.jpg,Surya
200469.jpg,IR20
200470.jpg,ADT45
200471.jpg,Surya
200472.jpg,IR20
200473.jpg,IR20
200474.jpg,Surya
200475.jpg,KarnatakaPonni
200476.jpg,IR20
200477.jpg,IR20
200478.jpg,RR
200479.jpg,KarnatakaPonni
200480.jpg,IR20
200481.jpg,ADT45
200482.jpg,Surya
200483.jpg,IR20
200484.jpg,ADT45
200485.jpg,Surya
200486.jpg,IR20
200487.jpg,Surya
200488.jpg,Surya
200489.jpg,ADT45
200490.jpg,IR20
200491.jpg,RR
200492.jpg,ADT45
200493.jpg,ADT45
200494.jpg,Surya
200495.jpg,IR20
200496.jpg,Surya
200497.jpg,Surya
200498.jpg,ADT45
200499.jpg,Surya
200500.jpg,IR20
200501.jpg,ADT45
200502.jpg,ADT45
200503.jpg,Surya
200504.jpg,ADT45
200505.jpg,ADT45
200506.jpg,IR20
200507.jpg,IR20
200508.jpg,IR20
200509.jpg,KarnatakaPonni
200510.jpg,ADT45
200511.jpg,IR20
200512.jpg,IR20
200513.jpg,IR20
200514.jpg,RR
200515.jpg,Surya
200516.jpg,Surya
200517.jpg,Surya
200518.jpg,IR20
200519.jpg,Surya
200520.jpg,ADT45
200521.jpg,ADT45
200522.jpg,Surya
200523.jpg,IR20
200524.jpg,ADT45
200525.jpg,KarnatakaPonni
200526.jpg,IR20
200527.jpg,Surya
200528.jpg,RR
200529.jpg,RR
200530.jpg,Surya
200531.jpg,IR20
200532.jpg,Surya
200533.jpg,ADT45
200534.jpg,IR20
200535.jpg,IR20
200536.jpg,AtchayaPonni
200537.jpg,Surya
200538.jpg,Surya
200539.jpg,ADT45
200540.jpg,RR
200541.jpg,IR20
200542.jpg,Surya
200543.jpg,Surya
200544.jpg,ADT45
200545.jpg,ADT45
200546.jpg,IR20
200547.jpg,ADT45
200548.jpg,IR20
200549.jpg,IR20
200550.jpg,ADT45
200551.jpg,IR20
200552.jpg,Surya
200553.jpg,IR20
200554.jpg,Surya
200555.jpg,Surya
200556.jpg,RR
200557.jpg,IR20
200558.jpg,IR20
200559.jpg,IR20
200560.jpg,IR20
200561.jpg,ADT45
200562.jpg,Surya
200563.jpg,IR20
200564.jpg,IR20
200565.jpg,IR20
200566.jpg,Onthanel
200567.jpg,IR20
200568.jpg,IR20
200569.jpg,IR20
200570.jpg,IR20
200571.jpg,Surya
200572.jpg,IR20
200573.jpg,IR20
200574.jpg,IR20
200575.jpg,IR20
200576.jpg,Surya
200577.jpg,IR20
200578.jpg,AndraPonni
200579.jpg,IR20
200580.jpg,Surya
200581.jpg,IR20
200582.jpg,Surya
200583.jpg,RR
200584.jpg,IR20
200585.jpg,Surya
200586.jpg,Surya
200587.jpg,Surya
200588.jpg,ADT45
200589.jpg,IR20
200590.jpg,IR20
200591.jpg,ADT45
200592.jpg,Surya
200593.jpg,KarnatakaPonni
200594.jpg,IR20
200595.jpg,IR20
200596.jpg,Surya
200597.jpg,ADT45
200598.jpg,IR20
200599.jpg,IR20
200600.jpg,IR20
200601.jpg,IR20
200602.jpg,ADT45
200603.jpg,IR20
200604.jpg,Surya
200605.jpg,IR20
200606.jpg,Surya
200607.jpg,IR20
200608.jpg,IR20
200609.jpg,ADT45
200610.jpg,Surya
200611.jpg,Surya
200612.jpg,Surya
200613.jpg,Zonal
200614.jpg,IR20
200615.jpg,ADT45
200616.jpg,AtchayaPonni
200617.jpg,Surya
200618.jpg,IR20
200619.jpg,IR20
200620.jpg,ADT45
200621.jpg,Surya
200622.jpg,RR
200623.jpg,ADT45
200624.jpg,ADT45
200625.jpg,RR
200626.jpg,ADT45
200627.jpg,KarnatakaPonni
200628.jpg,IR20
200629.jpg,IR20
200630.jpg,IR20
200631.jpg,Surya
200632.jpg,Surya
200633.jpg,Surya
200634.jpg,RR
200635.jpg,IR20
200636.jpg,IR20
200637.jpg,Surya
200638.jpg,Surya
200639.jpg,Surya
200640.jpg,Surya
200641.jpg,Surya
200642.jpg,IR20
200643.jpg,IR20
200644.jpg,IR20
200645.jpg,IR20
200646.jpg,IR20
200647.jpg,IR20
200648.jpg,ADT45
200649.jpg,RR
200650.jpg,Surya
200651.jpg,ADT45
200652.jpg,IR20
200653.jpg,Surya
200654.jpg,IR20
200655.jpg,RR
200656.jpg,Surya
200657.jpg,Surya
200658.jpg,ADT45
200659.jpg,IR20
200660.jpg,IR20
200661.jpg,IR20
200662.jpg,ADT45
200663.jpg,ADT45
200664.jpg,IR20
200665.jpg,Surya
200666.jpg,IR20
200667.jpg,Surya
200668.jpg,IR20
200669.jpg,Surya
200670.jpg,Surya
200671.jpg,Surya
200672.jpg,IR20
200673.jpg,Surya
200674.jpg,IR20
200675.jpg,IR20
200676.jpg,Surya
200677.jpg,Surya
200678.jpg,Surya
200679.jpg,ADT45
200680.jpg,IR20
200681.jpg,Surya
200682.jpg,Surya
200683.jpg,RR
200684.jpg,IR20
200685.jpg,IR20
200686.jpg,Surya
200687.jpg,IR20
200688.jpg,Surya
200689.jpg,IR20
200690.jpg,IR20
200691.jpg,ADT45
200692.jpg,Surya
200693.jpg,Surya
200694.jpg,IR20
200695.jpg,IR20
200696.jpg,Surya
200697.jpg,Surya
200698.jpg,IR20
200699.jpg,Surya
200700.jpg,Surya
200701.jpg,Surya
200702.jpg,IR20
200703.jpg,IR20
200704.jpg,IR20
200705.jpg,IR20
200706.jpg,RR
200707.jpg,ADT45
200708.jpg,Surya
200709.jpg,IR20
200710.jpg,Surya
200711.jpg,ADT45
200712.jpg,Surya
200713.jpg,IR20
200714.jpg,Surya
200715.jpg,ADT45
200716.jpg,IR20
200717.jpg,Surya
200718.jpg,IR20
200719.jpg,IR20
200720.jpg,ADT45
200721.jpg,Surya
200722.jpg,IR20
200723.jpg,AtchayaPonni
200724.jpg,Surya
200725.jpg,ADT45
200726.jpg,Onthanel
200727.jpg,IR20
200728.jpg,IR20
200729.jpg,Surya
200730.jpg,Surya
200731.jpg,Surya
200732.jpg,IR20
200733.jpg,Surya
200734.jpg,RR
200735.jpg,Surya
200736.jpg,IR20
200737.jpg,ADT45
200738.jpg,Surya
200739.jpg,IR20
200740.jpg,Surya
200741.jpg,AtchayaPonni
200742.jpg,IR20
200743.jpg,IR20
200744.jpg,Surya
200745.jpg,Onthanel
200746.jpg,IR20
200747.jpg,ADT45
200748.jpg,Surya
200749.jpg,Surya
200750.jpg,IR20
200751.jpg,IR20
200752.jpg,Surya
200753.jpg,Surya
200754.jpg,IR20
200755.jpg,Surya
200756.jpg,IR20
200757.jpg,IR20
200758.jpg,IR20
200759.jpg,IR20
200760.jpg,KarnatakaPonni
200761.jpg,Surya
200762.jpg,RR
200763.jpg,IR20
200764.jpg,Ponni
200765.jpg,ADT45
200766.jpg,IR20
200767.jpg,Surya
200768.jpg,ADT45
200769.jpg,IR20
200770.jpg,IR20
200771.jpg,IR20
200772.jpg,ADT45
200773.jpg,KarnatakaPonni
200774.jpg,Surya
200775.jpg,ADT45
200776.jpg,IR20
200777.jpg,AndraPonni
200778.jpg,ADT45
200779.jpg,IR20
200780.jpg,Surya
200781.jpg,RR
200782.jpg,Surya
200783.jpg,IR20
200784.jpg,Surya
200785.jpg,Surya
200786.jpg,IR20
200787.jpg,IR20
200788.jpg,ADT45
200789.jpg,RR
200790.jpg,IR20
200791.jpg,IR20
200792.jpg,Surya
200793.jpg,ADT45
200794.jpg,IR20
200795.jpg,ADT45
200796.jpg,IR20
200797.jpg,ADT45
200798.jpg,ADT45
200799.jpg,IR20
200800.jpg,Surya
200801.jpg,Surya
200802.jpg,Surya
200803.jpg,Surya
200804.jpg,IR20
200805.jpg,ADT45
200806.jpg,IR20
200807.jpg,IR20
200808.jpg,Surya
200809.jpg,Surya
200810.jpg,ADT45
200811.jpg,IR20
200812.jpg,IR20
200813.jpg,IR20
200814.jpg,IR20
200815.jpg,ADT45
200816.jpg,IR20
200817.jpg,ADT45
200818.jpg,IR20
200819.jpg,ADT45
200820.jpg,Surya
200821.jpg,IR20
200822.jpg,Surya
200823.jpg,ADT45
200824.jpg,Surya
200825.jpg,Surya
200826.jpg,Onthanel
200827.jpg,Surya
200828.jpg,Surya
200829.jpg,ADT45
200830.jpg,ADT45
200831.jpg,Surya
200832.jpg,Surya
200833.jpg,ADT45
200834.jpg,IR20
200835.jpg,IR20
200836.jpg,IR20
200837.jpg,AtchayaPonni
200838.jpg,Surya
200839.jpg,ADT45
200840.jpg,IR20
200841.jpg,Surya
200842.jpg,IR20
200843.jpg,ADT45
200844.jpg,ADT45
200845.jpg,ADT45
200846.jpg,Surya
200847.jpg,IR20
200848.jpg,RR
200849.jpg,IR20
200850.jpg,Surya
200851.jpg,IR20
200852.jpg,Surya
200853.jpg,IR20
200854.jpg,ADT45
200855.jpg,IR20
200856.jpg,Surya
200857.jpg,Surya
200858.jpg,IR20
200859.jpg,IR20
200860.jpg,Surya
200861.jpg,Onthanel
200862.jpg,Surya
200863.jpg,ADT45
200864.jpg,ADT45
200865.jpg,ADT45
200866.jpg,Surya
200867.jpg,IR20
200868.jpg,KarnatakaPonni
200869.jpg,IR20
200870.jpg,IR20
200871.jpg,IR20
200872.jpg,Surya
200873.jpg,IR20
200874.jpg,IR20
200875.jpg,IR20
200876.jpg,ADT45
200877.jpg,Surya
200878.jpg,RR
200879.jpg,Surya
200880.jpg,Surya
200881.jpg,IR20
200882.jpg,IR20
200883.jpg,RR
200884.jpg,Onthanel
200885.jpg,Surya
200886.jpg,Surya
200887.jpg,IR20
200888.jpg,IR20
200889.jpg,ADT45
200890.jpg,IR20
200891.jpg,Surya
200892.jpg,RR
200893.jpg,IR20
200894.jpg,Surya
200895.jpg,ADT45
200896.jpg,Surya
200897.jpg,IR20
200898.jpg,Surya
200899.jpg,Surya
200900.jpg,Surya
200901.jpg,IR20
200902.jpg,Surya
200903.jpg,Surya
200904.jpg,Surya
200905.jpg,IR20
200906.jpg,IR20
200907.jpg,IR20
200908.jpg,Surya
200909.jpg,IR20
200910.jpg,ADT45
200911.jpg,Surya
200912.jpg,IR20
200913.jpg,Surya
200914.jpg,ADT45
200915.jpg,IR20
200916.jpg,ADT45
200917.jpg,ADT45
200918.jpg,IR20
200919.jpg,Surya
200920.jpg,IR20
200921.jpg,ADT45
200922.jpg,ADT45
200923.jpg,IR20
200924.jpg,IR20
200925.jpg,RR
200926.jpg,Surya
200927.jpg,IR20
200928.jpg,IR20
200929.jpg,IR20
200930.jpg,IR20
200931.jpg,IR20
200932.jpg,ADT45
200933.jpg,Surya
200934.jpg,IR20
200935.jpg,Surya
200936.jpg,IR20
200937.jpg,IR20
200938.jpg,ADT45
200939.jpg,ADT45
200940.jpg,IR20
200941.jpg,IR20
200942.jpg,IR20
200943.jpg,ADT45
200944.jpg,IR20
200945.jpg,Surya
200946.jpg,Ponni
200947.jpg,ADT45
200948.jpg,ADT45
200949.jpg,ADT45
200950.jpg,KarnatakaPonni
200951.jpg,IR20
200952.jpg,ADT45
200953.jpg,Surya
200954.jpg,ADT45
200955.jpg,IR20
200956.jpg,ADT45
200957.jpg,Surya
200958.jpg,Surya
200959.jpg,RR
200960.jpg,IR20
200961.jpg,Surya
200962.jpg,Surya
200963.jpg,Surya
200964.jpg,Surya
200965.jpg,IR20
200966.jpg,Onthanel
200967.jpg,IR20
200968.jpg,ADT45
200969.jpg,IR20
200970.jpg,Surya
200971.jpg,IR20
200972.jpg,Surya
200973.jpg,Surya
200974.jpg,Surya
200975.jpg,IR20
200976.jpg,IR20
200977.jpg,IR20
200978.jpg,Surya
200979.jpg,AtchayaPonni
200980.jpg,ADT45
200981.jpg,ADT45
200982.jpg,IR20
200983.jpg,IR20
200984.jpg,IR20
200985.jpg,ADT45
200986.jpg,Surya
200987.jpg,Surya
200988.jpg,Surya
200989.jpg,Surya
200990.jpg,IR20
200991.jpg,KarnatakaPonni
200992.jpg,Surya
200993.jpg,KarnatakaPonni
200994.jpg,IR20
200995.jpg,Surya
200996.jpg,IR20
200997.jpg,ADT45
200998.jpg,IR20
200999.jpg,ADT45
201000.jpg,ADT45
201001.jpg,ADT45
201002.jpg,IR20
201003.jpg,IR20
201004.jpg,IR20
201005.jpg,ADT45
201006.jpg,AndraPonni
201007.jpg,Surya
201008.jpg,IR20
201009.jpg,ADT45
201010.jpg,IR20
201011.jpg,IR20
201012.jpg,ADT45
201013.jpg,IR20
201014.jpg,Surya
201015.jpg,IR20
201016.jpg,IR20
201017.jpg,IR20
201018.jpg,Surya
201019.jpg,IR20
201020.jpg,Surya
201021.jpg,IR20
201022.jpg,IR20
201023.jpg,IR20
201024.jpg,Surya
201025.jpg,Surya
201026.jpg,IR20
201027.jpg,IR20
201028.jpg,Surya
201029.jpg,Surya
201030.jpg,IR20
201031.jpg,RR
201032.jpg,IR20
201033.jpg,IR20
201034.jpg,IR20
201035.jpg,IR20
201036.jpg,IR20
201037.jpg,ADT45
201038.jpg,Surya
201039.jpg,RR
201040.jpg,IR20
201041.jpg,Surya
201042.jpg,Surya
201043.jpg,IR20
201044.jpg,IR20
201045.jpg,ADT45
201046.jpg,IR20
201047.jpg,ADT45
201048.jpg,RR
201049.jpg,Surya
201050.jpg,IR20
201051.jpg,IR20
201052.jpg,IR20
201053.jpg,ADT45
201054.jpg,IR20
201055.jpg,IR20
201056.jpg,ADT45
201057.jpg,Zonal
201058.jpg,IR20
201059.jpg,KarnatakaPonni
201060.jpg,IR20
201061.jpg,Surya
201062.jpg,ADT45
201063.jpg,IR20
201064.jpg,Surya
201065.jpg,IR20
201066.jpg,Surya
201067.jpg,IR20
201068.jpg,Surya
201069.jpg,IR20
201070.jpg,Surya
201071.jpg,Surya
201072.jpg,IR20
201073.jpg,Surya
201074.jpg,Surya
201075.jpg,Surya
201076.jpg,IR20
201077.jpg,Surya
201078.jpg,IR20
201079.jpg,IR20
201080.jpg,Surya
201081.jpg,IR20
201082.jpg,Surya
201083.jpg,Surya
201084.jpg,Surya
201085.jpg,Ponni
201086.jpg,IR20
201087.jpg,ADT45
201088.jpg,ADT45
201089.jpg,Onthanel
201090.jpg,Surya
201091.jpg,IR20
201092.jpg,IR20
201093.jpg,IR20
201094.jpg,Surya
201095.jpg,Surya
201096.jpg,IR20
201097.jpg,ADT45
201098.jpg,Surya
201099.jpg,Onthanel
201100.jpg,ADT45
201101.jpg,ADT45
201102.jpg,Surya
201103.jpg,IR20
201104.jpg,IR20
201105.jpg,IR20
201106.jpg,Surya
201107.jpg,Surya
201108.jpg,Surya
201109.jpg,IR20
201110.jpg,Surya
201111.jpg,Surya
201112.jpg,IR20
201113.jpg,IR20
201114.jpg,Surya
201115.jpg,IR20
201116.jpg,Surya
201117.jpg,ADT45
201118.jpg,IR20
201119.jpg,ADT45
201120.jpg,IR20
201121.jpg,Surya
201122.jpg,IR20
201123.jpg,RR
201124.jpg,ADT45
201125.jpg,IR20
201126.jpg,IR20
201127.jpg,IR20
201128.jpg,ADT45
201129.jpg,RR
201130.jpg,Surya
201131.jpg,RR
201132.jpg,IR20
201133.jpg,Surya
201134.jpg,Surya
201135.jpg,IR20
201136.jpg,Surya
201137.jpg,Surya
201138.jpg,IR20
201139.jpg,Surya
201140.jpg,IR20
201141.jpg,IR20
201142.jpg,ADT45
201143.jpg,IR20
201144.jpg,IR20
201145.jpg,IR20
201146.jpg,IR20
201147.jpg,Surya
201148.jpg,Surya
201149.jpg,IR20
201150.jpg,IR20
201151.jpg,Surya
201152.jpg,ADT45
201153.jpg,Surya
201154.jpg,Surya
201155.jpg,ADT45
201156.jpg,Surya
201157.jpg,Surya
201158.jpg,IR20
201159.jpg,IR20
201160.jpg,IR20
201161.jpg,IR20
201162.jpg,IR20
201163.jpg,ADT45
201164.jpg,IR20
201165.jpg,Surya
201166.jpg,IR20
201167.jpg,RR
201168.jpg,IR20
201169.jpg,Surya
201170.jpg,IR20
201171.jpg,Surya
201172.jpg,IR20
201173.jpg,IR20
201174.jpg,ADT45
201175.jpg,IR20
201176.jpg,IR20
201177.jpg,IR20
201178.jpg,ADT45
201179.jpg,Surya
201180.jpg,IR20
201181.jpg,IR20
201182.jpg,Surya
201183.jpg,Surya
201184.jpg,RR
201185.jpg,Surya
201186.jpg,IR20
201187.jpg,IR20
201188.jpg,Surya
201189.jpg,IR20
201190.jpg,Surya
201191.jpg,Surya
201192.jpg,Surya
201193.jpg,IR20
201194.jpg,Surya
201195.jpg,ADT45
201196.jpg,Surya
201197.jpg,IR20
201198.jpg,IR20
201199.jpg,RR
201200.jpg,IR20
201201.jpg,IR20
201202.jpg,Surya
201203.jpg,IR20
201204.jpg,Surya
201205.jpg,ADT45
201206.jpg,IR20
201207.jpg,ADT45
201208.jpg,IR20
201209.jpg,IR20
201210.jpg,IR20
201211.jpg,Onthanel
201212.jpg,IR20
201213.jpg,IR20
201214.jpg,Surya
201215.jpg,Surya
201216.jpg,IR20
201217.jpg,IR20
201218.jpg,IR20
201219.jpg,Surya
201220.jpg,KarnatakaPonni
201221.jpg,IR20
201222.jpg,IR20
201223.jpg,Surya
201224.jpg,IR20
201225.jpg,IR20
201226.jpg,IR20
201227.jpg,Surya
201228.jpg,Onthanel
201229.jpg,Surya
201230.jpg,IR20
201231.jpg,RR
201232.jpg,IR20
201233.jpg,IR20
201234.jpg,IR20
201235.jpg,ADT45
201236.jpg,Surya
201237.jpg,IR20
201238.jpg,ADT45
201239.jpg,IR20
201240.jpg,RR
201241.jpg,Surya
201242.jpg,IR20
201243.jpg,Surya
201244.jpg,ADT45
201245.jpg,ADT45
201246.jpg,ADT45
201247.jpg,ADT45
201248.jpg,Surya
201249.jpg,IR20
201250.jpg,Surya
201251.jpg,IR20
201252.jpg,Surya
201253.jpg,Ponni
201254.jpg,Surya
201255.jpg,IR20
201256.jpg,ADT45
201257.jpg,IR20
201258.jpg,Surya
201259.jpg,Surya
201260.jpg,Surya
201261.jpg,Surya
201262.jpg,IR20
201263.jpg,IR20
201264.jpg,IR20
201265.jpg,ADT45
201266.jpg,IR20
201267.jpg,ADT45
201268.jpg,IR20
201269.jpg,Surya
201270.jpg,AtchayaPonni
201271.jpg,Surya
201272.jpg,IR20
201273.jpg,Surya
201274.jpg,ADT45
201275.jpg,Surya
201276.jpg,Onthanel
201277.jpg,ADT45
201278.jpg,Surya
201279.jpg,IR20
201280.jpg,ADT45
201281.jpg,Surya
201282.jpg,IR20
201283.jpg,ADT45
201284.jpg,IR20
201285.jpg,Surya
201286.jpg,ADT45
201287.jpg,RR
201288.jpg,IR20
201289.jpg,ADT45
201290.jpg,ADT45
201291.jpg,Zonal
201292.jpg,ADT45
201293.jpg,IR20
201294.jpg,Surya
201295.jpg,Surya
201296.jpg,IR20
201297.jpg,ADT45
201298.jpg,ADT45
201299.jpg,IR20
201300.jpg,ADT45
201301.jpg,Surya
201302.jpg,IR20
201303.jpg,Surya
201304.jpg,Surya
201305.jpg,Surya
201306.jpg,IR20
201307.jpg,Surya
201308.jpg,IR20
201309.jpg,Surya
201310.jpg,IR20
201311.jpg,AndraPonni
201312.jpg,ADT45
201313.jpg,IR20
201314.jpg,Surya
201315.jpg,Surya
201316.jpg,ADT45
201317.jpg,ADT45
201318.jpg,AtchayaPonni
201319.jpg,ADT45
201320.jpg,IR20
201321.jpg,IR20
201322.jpg,RR
201323.jpg,IR20
201324.jpg,Surya
201325.jpg,RR
201326.jpg,ADT45
201327.jpg,IR20
201328.jpg,IR20
201329.jpg,Surya
201330.jpg,IR20
201331.jpg,IR20
201332.jpg,ADT45
201333.jpg,IR20
201334.jpg,IR20
201335.jpg,Onthanel
201336.jpg,IR20
201337.jpg,IR20
201338.jpg,ADT45
201339.jpg,IR20
201340.jpg,Surya
201341.jpg,IR20
201342.jpg,ADT45
201343.jpg,RR
201344.jpg,IR20
201345.jpg,Surya
201346.jpg,IR20
201347.jpg,ADT45
201348.jpg,ADT45
201349.jpg,Ponni
201350.jpg,Surya
201351.jpg,Surya
201352.jpg,ADT45
201353.jpg,IR20
201354.jpg,IR20
201355.jpg,Surya
201356.jpg,Surya
201357.jpg,IR20
201358.jpg,ADT45
201359.jpg,IR20
201360.jpg,IR20
201361.jpg,AtchayaPonni
201362.jpg,Surya
201363.jpg,ADT45
201364.jpg,IR20
201365.jpg,Surya
201366.jpg,Zonal
201367.jpg,Zonal
201368.jpg,IR20
201369.jpg,IR20
201370.jpg,IR20
201371.jpg,ADT45
201372.jpg,ADT45
201373.jpg,Surya
201374.jpg,IR20
201375.jpg,Surya
201376.jpg,Surya
201377.jpg,IR20
201378.jpg,IR20
201379.jpg,IR20
201380.jpg,ADT45
201381.jpg,IR20
201382.jpg,Surya
201383.jpg,IR20
201384.jpg,IR20
201385.jpg,IR20
201386.jpg,Surya
201387.jpg,IR20
201388.jpg,Surya
201389.jpg,ADT45
201390.jpg,ADT45
201391.jpg,AtchayaPonni
201392.jpg,ADT45
201393.jpg,Surya
201394.jpg,IR20
201395.jpg,ADT45
201396.jpg,Zonal
201397.jpg,ADT45
201398.jpg,ADT45
201399.jpg,IR20
201400.jpg,Surya
201401.jpg,IR20
201402.jpg,IR20
201403.jpg,IR20
201404.jpg,IR20
201405.jpg,IR20
201406.jpg,IR20
201407.jpg,IR20
201408.jpg,IR20
201409.jpg,Surya
201410.jpg,IR20
201411.jpg,Onthanel
201412.jpg,ADT45
201413.jpg,Surya
201414.jpg,IR20
201415.jpg,KarnatakaPonni
201416.jpg,ADT45
201417.jpg,IR20
201418.jpg,ADT45
201419.jpg,ADT45
201420.jpg,IR20
201421.jpg,ADT45
201422.jpg,IR20
201423.jpg,RR
201424.jpg,IR20
201425.jpg,Surya
201426.jpg,ADT45
201427.jpg,Surya
201428.jpg,ADT45
201429.jpg,ADT45
201430.jpg,ADT45
201431.jpg,ADT45
201432.jpg,Surya
201433.jpg,ADT45
201434.jpg,IR20
201435.jpg,IR20
201436.jpg,IR20
201437.jpg,IR20
201438.jpg,Onthanel
201439.jpg,Surya
201440.jpg,IR20
201441.jpg,Surya
201442.jpg,IR20
201443.jpg,Surya
201444.jpg,ADT45
201445.jpg,IR20
201446.jpg,Surya
201447.jpg,IR20
201448.jpg,IR20
201449.jpg,Surya
201450.jpg,ADT45
201451.jpg,Surya
201452.jpg,Surya
201453.jpg,Surya
201454.jpg,Surya
201455.jpg,IR20
201456.jpg,Surya
201457.jpg,ADT45
201458.jpg,ADT45
201459.jpg,Surya
201460.jpg,Surya
201461.jpg,IR20
201462.jpg,IR20
201463.jpg,IR20
201464.jpg,Surya
201465.jpg,Surya
201466.jpg,IR20
201467.jpg,ADT45
201468.jpg,Surya
201469.jpg,IR20
201470.jpg,IR20
201471.jpg,ADT45
201472.jpg,KarnatakaPonni
201473.jpg,IR20
201474.jpg,Surya
201475.jpg,IR20
201476.jpg,ADT45
201477.jpg,IR20
201478.jpg,ADT45
201479.jpg,ADT45
201480.jpg,Surya
201481.jpg,IR20
201482.jpg,IR20
201483.jpg,Onthanel
201484.jpg,IR20
201485.jpg,ADT45
201486.jpg,IR20
201487.jpg,IR20
201488.jpg,IR20
201489.jpg,IR20
201490.jpg,IR20
201491.jpg,IR20
201492.jpg,IR20
201493.jpg,IR20
201494.jpg,Surya
201495.jpg,ADT45
201496.jpg,IR20
201497.jpg,IR20
201498.jpg,KarnatakaPonni
201499.jpg,ADT45
201500.jpg,ADT45
201501.jpg,IR20
201502.jpg,IR20
201503.jpg,ADT45
201504.jpg,ADT45
201505.jpg,ADT45
201506.jpg,RR
201507.jpg,IR20
201508.jpg,IR20
201509.jpg,IR20
201510.jpg,IR20
201511.jpg,AtchayaPonni
201512.jpg,IR20
201513.jpg,ADT45
201514.jpg,ADT45
201515.jpg,IR20
201516.jpg,IR20
201517.jpg,Surya
201518.jpg,Surya
201519.jpg,IR20
201520.jpg,Surya
201521.jpg,Surya
201522.jpg,ADT45
201523.jpg,ADT45
201524.jpg,ADT45
201525.jpg,ADT45
201526.jpg,Zonal
201527.jpg,IR20
201528.jpg,Surya
201529.jpg,Surya
201530.jpg,ADT45
201531.jpg,IR20
201532.jpg,IR20
201533.jpg,IR20
201534.jpg,IR20
201535.jpg,IR20
201536.jpg,Surya
201537.jpg,IR20
201538.jpg,IR20
201539.jpg,RR
201540.jpg,IR20
201541.jpg,ADT45
201542.jpg,ADT45
201543.jpg,IR20
201544.jpg,AndraPonni
201545.jpg,Surya
201546.jpg,Surya
201547.jpg,Surya
201548.jpg,IR20
201549.jpg,IR20
201550.jpg,Zonal
201551.jpg,Surya
201552.jpg,RR
201553.jpg,Surya
201554.jpg,ADT45
201555.jpg,Surya
201556.jpg,Surya
201557.jpg,Surya
201558.jpg,ADT45
201559.jpg,Surya
201560.jpg,Onthanel
201561.jpg,Surya
201562.jpg,Surya
201563.jpg,Surya
201564.jpg,IR20
201565.jpg,IR20
201566.jpg,ADT45
201567.jpg,IR20
201568.jpg,Surya
201569.jpg,IR20
201570.jpg,Surya
201571.jpg,ADT45
201572.jpg,Surya
201573.jpg,ADT45
201574.jpg,Surya
201575.jpg,ADT45
201576.jpg,Surya
201577.jpg,IR20
201578.jpg,ADT45
201579.jpg,ADT45
201580.jpg,IR20
201581.jpg,IR20
201582.jpg,IR20
201583.jpg,ADT45
201584.jpg,IR20
201585.jpg,IR20
201586.jpg,Surya
201587.jpg,RR
201588.jpg,IR20
201589.jpg,ADT45
201590.jpg,Surya
201591.jpg,IR20
201592.jpg,IR20
201593.jpg,Surya
201594.jpg,IR20
201595.jpg,IR20
201596.jpg,RR
201597.jpg,ADT45
201598.jpg,KarnatakaPonni
201599.jpg,IR20
201600.jpg,IR20
201601.jpg,IR20
201602.jpg,IR20
201603.jpg,IR20
201604.jpg,IR20
201605.jpg,Ponni
201606.jpg,IR20
201607.jpg,ADT45
201608.jpg,IR20
201609.jpg,IR20
201610.jpg,IR20
201611.jpg,IR20
201612.jpg,Surya
201613.jpg,IR20
201614.jpg,IR20
201615.jpg,Surya
201616.jpg,Surya
201617.jpg,IR20
201618.jpg,IR20
201619.jpg,ADT45
201620.jpg,KarnatakaPonni
201621.jpg,Surya
201622.jpg,AndraPonni
201623.jpg,ADT45
201624.jpg,RR
201625.jpg,IR20
201626.jpg,IR20
201627.jpg,Surya
201628.jpg,Surya
201629.jpg,Surya
201630.jpg,Ponni
201631.jpg,IR20
201632.jpg,IR20
201633.jpg,IR20
201634.jpg,IR20
201635.jpg,IR20
201636.jpg,ADT45
201637.jpg,IR20
201638.jpg,RR
201639.jpg,IR20
201640.jpg,Surya
201641.jpg,IR20
201642.jpg,Ponni
201643.jpg,ADT45
201644.jpg,ADT45
201645.jpg,ADT45
201646.jpg,IR20
201647.jpg,KarnatakaPonni
201648.jpg,Surya
201649.jpg,IR20
201650.jpg,IR20
201651.jpg,IR20
201652.jpg,ADT45
201653.jpg,ADT45
201654.jpg,Surya
201655.jpg,ADT45
201656.jpg,IR20
201657.jpg,IR20
201658.jpg,Surya
201659.jpg,ADT45
201660.jpg,Surya
201661.jpg,Surya
201662.jpg,IR20
201663.jpg,IR20
201664.jpg,ADT45
201665.jpg,IR20
201666.jpg,Surya
201667.jpg,IR20
201668.jpg,IR20
201669.jpg,Surya
201670.jpg,AtchayaPonni
201671.jpg,IR20
201672.jpg,IR20
201673.jpg,KarnatakaPonni
201674.jpg,IR20
201675.jpg,IR20
201676.jpg,Surya
201677.jpg,Zonal
201678.jpg,IR20
201679.jpg,IR20
201680.jpg,Surya
201681.jpg,ADT45
201682.jpg,IR20
201683.jpg,IR20
201684.jpg,IR20
201685.jpg,Surya
201686.jpg,Surya
201687.jpg,Surya
201688.jpg,IR20
201689.jpg,IR20
201690.jpg,IR20
201691.jpg,IR20
201692.jpg,Surya
201693.jpg,IR20
201694.jpg,IR20
201695.jpg,IR20
201696.jpg,Surya
201697.jpg,IR20
201698.jpg,ADT45
201699.jpg,ADT45
201700.jpg,IR20
201701.jpg,ADT45
201702.jpg,ADT45
201703.jpg,Surya
201704.jpg,Surya
201705.jpg,IR20
201706.jpg,IR20
201707.jpg,ADT45
201708.jpg,IR20
201709.jpg,Surya
201710.jpg,IR20
201711.jpg,IR20
201712.jpg,ADT45
201713.jpg,IR20
201714.jpg,KarnatakaPonni
201715.jpg,ADT45
201716.jpg,IR20
201717.jpg,IR20
201718.jpg,IR20
201719.jpg,IR20
201720.jpg,IR20
201721.jpg,ADT45
201722.jpg,Surya
201723.jpg,IR20
201724.jpg,Surya
201725.jpg,ADT45
201726.jpg,IR20
201727.jpg,ADT45
201728.jpg,Surya
201729.jpg,Surya
201730.jpg,RR
201731.jpg,ADT45
201732.jpg,Surya
201733.jpg,IR20
201734.jpg,RR
201735.jpg,Surya
201736.jpg,IR20
201737.jpg,IR20
201738.jpg,IR20
201739.jpg,Surya
201740.jpg,IR20
201741.jpg,RR
201742.jpg,ADT45
201743.jpg,Surya
201744.jpg,IR20
201745.jpg,Zonal
201746.jpg,ADT45
201747.jpg,Surya
201748.jpg,IR20
201749.jpg,Surya
201750.jpg,Surya
201751.jpg,Surya
201752.jpg,IR20
201753.jpg,Surya
201754.jpg,IR20
201755.jpg,Surya
201756.jpg,IR20
201757.jpg,ADT45
201758.jpg,Surya
201759.jpg,ADT45
201760.jpg,ADT45
201761.jpg,IR20
201762.jpg,Surya
201763.jpg,ADT45
201764.jpg,RR
201765.jpg,IR20
201766.jpg,Surya
201767.jpg,IR20
201768.jpg,ADT45
201769.jpg,IR20
201770.jpg,RR
201771.jpg,IR20
201772.jpg,IR20
201773.jpg,Surya
201774.jpg,IR20
201775.jpg,RR
201776.jpg,IR20
201777.jpg,IR20
201778.jpg,ADT45
201779.jpg,IR20
201780.jpg,IR20
201781.jpg,Surya
201782.jpg,IR20
201783.jpg,Surya
201784.jpg,ADT45
201785.jpg,Surya
201786.jpg,Surya
201787.jpg,IR20
201788.jpg,Surya
201789.jpg,IR20
201790.jpg,Surya
201791.jpg,Surya
201792.jpg,AndraPonni
201793.jpg,Surya
201794.jpg,Surya
201795.jpg,Surya
201796.jpg,IR20
201797.jpg,IR20
201798.jpg,IR20
201799.jpg,IR20
201800.jpg,ADT45
201801.jpg,ADT45
201802.jpg,RR
201803.jpg,ADT45
201804.jpg,AndraPonni
201805.jpg,IR20
201806.jpg,Surya
201807.jpg,IR20
201808.jpg,RR
201809.jpg,ADT45
201810.jpg,IR20
201811.jpg,ADT45
201812.jpg,IR20
201813.jpg,Surya
201814.jpg,Surya
201815.jpg,IR20
201816.jpg,IR20
201817.jpg,IR20
201818.jpg,Surya
201819.jpg,ADT45
201820.jpg,Surya
201821.jpg,ADT45
201822.jpg,ADT45
201823.jpg,IR20
201824.jpg,Surya
201825.jpg,ADT45
201826.jpg,IR20
201827.jpg,IR20
201828.jpg,Surya
201829.jpg,RR
201830.jpg,IR20
201831.jpg,ADT45
201832.jpg,ADT45
201833.jpg,AtchayaPonni
201834.jpg,IR20
201835.jpg,ADT45
201836.jpg,IR20
201837.jpg,Surya
201838.jpg,IR20
201839.jpg,Onthanel
201840.jpg,Surya
201841.jpg,ADT45
201842.jpg,IR20
201843.jpg,IR20
201844.jpg,IR20
201845.jpg,IR20
201846.jpg,IR20
201847.jpg,Surya
201848.jpg,AndraPonni
201849.jpg,IR20
201850.jpg,ADT45
201851.jpg,ADT45
201852.jpg,IR20
201853.jpg,IR20
201854.jpg,IR20
201855.jpg,ADT45
201856.jpg,Surya
201857.jpg,IR20
201858.jpg,IR20
201859.jpg,ADT45
201860.jpg,Surya
201861.jpg,IR20
201862.jpg,Surya
201863.jpg,Surya
201864.jpg,KarnatakaPonni
201865.jpg,Surya
201866.jpg,KarnatakaPonni
201867.jpg,ADT45
201868.jpg,Surya
201869.jpg,Surya
201870.jpg,IR20
201871.jpg,Surya
201872.jpg,Surya
201873.jpg,ADT45
201874.jpg,IR20
201875.jpg,ADT45
201876.jpg,Surya
201877.jpg,IR20
201878.jpg,IR20
201879.jpg,RR
201880.jpg,ADT45
201881.jpg,RR
201882.jpg,Surya
201883.jpg,IR20
201884.jpg,Surya
201885.jpg,Surya
201886.jpg,ADT45
201887.jpg,ADT45
201888.jpg,Surya
201889.jpg,Surya
201890.jpg,RR
201891.jpg,IR20
201892.jpg,Onthanel
201893.jpg,RR
201894.jpg,IR20
201895.jpg,Surya
201896.jpg,ADT45
201897.jpg,IR20
201898.jpg,KarnatakaPonni
201899.jpg,Surya
201900.jpg,IR20
201901.jpg,ADT45
201902.jpg,IR20
201903.jpg,Surya
201904.jpg,Surya
201905.jpg,ADT45
201906.jpg,Surya
201907.jpg,IR20
201908.jpg,IR20
201909.jpg,IR20
201910.jpg,IR20
201911.jpg,Onthanel
201912.jpg,IR20
201913.jpg,Surya
201914.jpg,ADT45
201915.jpg,Surya
201916.jpg,Surya
201917.jpg,Surya
201918.jpg,Surya
201919.jpg,Surya
201920.jpg,IR20
201921.jpg,RR
201922.jpg,IR20
201923.jpg,IR20
201924.jpg,Surya
201925.jpg,IR20
201926.jpg,ADT45
201927.jpg,IR20
201928.jpg,IR20
201929.jpg,IR20
201930.jpg,IR20
201931.jpg,ADT45
201932.jpg,ADT45
201933.jpg,IR20
201934.jpg,IR20
201935.jpg,IR20
201936.jpg,ADT45
201937.jpg,KarnatakaPonni
201938.jpg,IR20
201939.jpg,Surya
201940.jpg,IR20
201941.jpg,IR20
201942.jpg,Surya
201943.jpg,Surya
201944.jpg,RR
201945.jpg,Surya
201946.jpg,Surya
201947.jpg,IR20
201948.jpg,Surya
201949.jpg,Surya
201950.jpg,Surya
201951.jpg,IR20
201952.jpg,IR20
201953.jpg,Surya
201954.jpg,Surya
201955.jpg,IR20
201956.jpg,ADT45
201957.jpg,IR20
201958.jpg,Surya
201959.jpg,Surya
201960.jpg,IR20
201961.jpg,IR20
201962.jpg,ADT45
201963.jpg,Surya
201964.jpg,IR20
201965.jpg,IR20
201966.jpg,IR20
201967.jpg,IR20
201968.jpg,ADT45
201969.jpg,IR20
201970.jpg,ADT45
201971.jpg,Onthanel
201972.jpg,ADT45
201973.jpg,ADT45
201974.jpg,IR20
201975.jpg,RR
201976.jpg,IR20
201977.jpg,ADT45
201978.jpg,Surya
201979.jpg,IR20
201980.jpg,Surya
201981.jpg,ADT45
201982.jpg,Surya
201983.jpg,IR20
201984.jpg,Surya
201985.jpg,IR20
201986.jpg,IR20
201987.jpg,Surya
201988.jpg,KarnatakaPonni
201989.jpg,ADT45
201990.jpg,KarnatakaPonni
201991.jpg,IR20
201992.jpg,Surya
201993.jpg,ADT45
201994.jpg,IR20
201995.jpg,IR20
201996.jpg,KarnatakaPonni
201997.jpg,IR20
201998.jpg,Surya
201999.jpg,ADT45
202000.jpg,IR20
202001.jpg,RR
202002.jpg,ADT45
202003.jpg,ADT45
202004.jpg,Surya
202005.jpg,IR20
202006.jpg,ADT45
202007.jpg,IR20
202008.jpg,IR20
202009.jpg,RR
202010.jpg,KarnatakaPonni
202011.jpg,ADT45
202012.jpg,ADT45
202013.jpg,IR20
202014.jpg,Surya
202015.jpg,IR20
202016.jpg,Surya
202017.jpg,IR20
202018.jpg,Surya
202019.jpg,RR
202020.jpg,IR20
202021.jpg,IR20
202022.jpg,ADT45
202023.jpg,Surya
202024.jpg,Surya
202025.jpg,IR20
202026.jpg,IR20
202027.jpg,IR20
202028.jpg,ADT45
202029.jpg,ADT45
202030.jpg,Surya
202031.jpg,ADT45
202032.jpg,Onthanel
202033.jpg,Surya
202034.jpg,ADT45
202035.jpg,IR20
202036.jpg,IR20
202037.jpg,Ponni
202038.jpg,ADT45
202039.jpg,Surya
202040.jpg,Surya
202041.jpg,AtchayaPonni
202042.jpg,Surya
202043.jpg,AtchayaPonni
202044.jpg,IR20
202045.jpg,IR20
202046.jpg,Surya
202047.jpg,Surya
202048.jpg,IR20
202049.jpg,IR20
202050.jpg,ADT45
202051.jpg,IR20
202052.jpg,Surya
202053.jpg,IR20
202054.jpg,Surya
202055.jpg,Surya
202056.jpg,IR20
202057.jpg,Surya
202058.jpg,ADT45
202059.jpg,KarnatakaPonni
202060.jpg,ADT45
202061.jpg,IR20
202062.jpg,IR20
202063.jpg,Surya
202064.jpg,IR20
202065.jpg,IR20
202066.jpg,ADT45
202067.jpg,IR20
202068.jpg,ADT45
202069.jpg,ADT45
202070.jpg,IR20
202071.jpg,Surya
202072.jpg,IR20
202073.jpg,IR20
202074.jpg,IR20
202075.jpg,IR20
202076.jpg,Onthanel
202077.jpg,Surya
202078.jpg,IR20
202079.jpg,ADT45
202080.jpg,Surya
202081.jpg,ADT45
202082.jpg,Surya
202083.jpg,Surya
202084.jpg,IR20
202085.jpg,ADT45
202086.jpg,IR20
202087.jpg,Surya
202088.jpg,IR20
202089.jpg,RR
202090.jpg,IR20
202091.jpg,IR20
202092.jpg,ADT45
202093.jpg,Surya
202094.jpg,IR20
202095.jpg,Surya
202096.jpg,IR20
202097.jpg,IR20
202098.jpg,IR20
202099.jpg,Surya
202100.jpg,IR20
202101.jpg,ADT45
202102.jpg,ADT45
202103.jpg,Surya
202104.jpg,Surya
202105.jpg,IR20
202106.jpg,ADT45
202107.jpg,IR20
202108.jpg,IR20
202109.jpg,KarnatakaPonni
202110.jpg,ADT45
202111.jpg,IR20
202112.jpg,IR20
202113.jpg,RR
202114.jpg,Surya
202115.jpg,Surya
202116.jpg,IR20
202117.jpg,Surya
202118.jpg,Surya
202119.jpg,IR20
202120.jpg,RR
202121.jpg,Surya
202122.jpg,Surya
202123.jpg,Surya
202124.jpg,Surya
202125.jpg,Surya
202126.jpg,Surya
202127.jpg,ADT45
202128.jpg,Surya
202129.jpg,IR20
202130.jpg,IR20
202131.jpg,Surya
202132.jpg,ADT45
202133.jpg,IR20
202134.jpg,ADT45
202135.jpg,Surya
202136.jpg,IR20
202137.jpg,IR20
202138.jpg,RR
202139.jpg,ADT45
202140.jpg,Surya
202141.jpg,IR20
202142.jpg,IR20
202143.jpg,RR
202144.jpg,IR20
202145.jpg,IR20
202146.jpg,ADT45
202147.jpg,IR20
202148.jpg,Surya
202149.jpg,ADT45
202150.jpg,ADT45
202151.jpg,ADT45
202152.jpg,IR20
202153.jpg,IR20
202154.jpg,Surya
202155.jpg,IR20
202156.jpg,IR20
202157.jpg,IR20
202158.jpg,IR20
202159.jpg,IR20
202160.jpg,RR
202161.jpg,Surya
202162.jpg,Surya
202163.jpg,IR20
202164.jpg,IR20
202165.jpg,Surya
202166.jpg,IR20
202167.jpg,RR
202168.jpg,Surya
202169.jpg,IR20
202170.jpg,Surya
202171.jpg,ADT45
202172.jpg,IR20
202173.jpg,IR20
202174.jpg,IR20
202175.jpg,IR20
202176.jpg,IR20
202177.jpg,ADT45
202178.jpg,ADT45
202179.jpg,IR20
202180.jpg,IR20
202181.jpg,IR20
202182.jpg,ADT45
202183.jpg,IR20
202184.jpg,IR20
202185.jpg,Surya
202186.jpg,KarnatakaPonni
202187.jpg,IR20
202188.jpg,Onthanel
202189.jpg,Surya
202190.jpg,IR20
202191.jpg,IR20
202192.jpg,Surya
202193.jpg,Surya
202194.jpg,Surya
202195.jpg,IR20
202196.jpg,IR20
202197.jpg,IR20
202198.jpg,Surya
202199.jpg,ADT45
202200.jpg,IR20
202201.jpg,Surya
202202.jpg,IR20
202203.jpg,Surya
202204.jpg,IR20
202205.jpg,IR20
202206.jpg,Surya
202207.jpg,RR
202208.jpg,IR20
202209.jpg,ADT45
202210.jpg,Surya
202211.jpg,IR20
202212.jpg,Surya
202213.jpg,Surya
202214.jpg,ADT45
202215.jpg,IR20
202216.jpg,Surya
202217.jpg,ADT45
202218.jpg,Surya
202219.jpg,IR20
202220.jpg,ADT45
202221.jpg,IR20
202222.jpg,IR20
202223.jpg,Surya
202224.jpg,Surya
202225.jpg,Surya
202226.jpg,RR
202227.jpg,IR20
202228.jpg,Surya
202229.jpg,IR20
202230.jpg,IR20
202231.jpg,Surya
202232.jpg,IR20
202233.jpg,Surya
202234.jpg,IR20
202235.jpg,KarnatakaPonni
202236.jpg,Surya
202237.jpg,IR20
202238.jpg,Onthanel
202239.jpg,IR20
202240.jpg,IR20
202241.jpg,AtchayaPonni
202242.jpg,ADT45
202243.jpg,KarnatakaPonni
202244.jpg,Surya
202245.jpg,ADT45
202246.jpg,IR20
202247.jpg,Surya
202248.jpg,IR20
202249.jpg,RR
202250.jpg,ADT45
202251.jpg,KarnatakaPonni
202252.jpg,RR
202253.jpg,IR20
202254.jpg,IR20
202255.jpg,IR20
202256.jpg,ADT45
202257.jpg,ADT45
202258.jpg,IR20
202259.jpg,Surya
202260.jpg,IR20
202261.jpg,IR20
202262.jpg,Surya
202263.jpg,IR20
202264.jpg,IR20
202265.jpg,IR20
202266.jpg,IR20
202267.jpg,IR20
202268.jpg,ADT45
202269.jpg,IR20
202270.jpg,ADT45
202271.jpg,IR20
202272.jpg,ADT45
202273.jpg,IR20
202274.jpg,Surya
202275.jpg,Surya
202276.jpg,IR20
202277.jpg,Surya
202278.jpg,Surya
202279.jpg,Onthanel
202280.jpg,IR20
202281.jpg,IR20
202282.jpg,Surya
202283.jpg,IR20
202284.jpg,IR20
202285.jpg,IR20
202286.jpg,ADT45
202287.jpg,IR20
202288.jpg,IR20
202289.jpg,Surya
202290.jpg,Surya
202291.jpg,ADT45
202292.jpg,Surya
202293.jpg,KarnatakaPonni
202294.jpg,Surya
202295.jpg,Surya
202296.jpg,Surya
202297.jpg,IR20
202298.jpg,RR
202299.jpg,IR20
202300.jpg,Surya
202301.jpg,Surya
202302.jpg,ADT45
202303.jpg,ADT45
202304.jpg,IR20
202305.jpg,IR20
202306.jpg,IR20
202307.jpg,RR
202308.jpg,RR
202309.jpg,RR
202310.jpg,ADT45
202311.jpg,ADT45
202312.jpg,ADT45
202313.jpg,ADT45
202314.jpg,IR20
202315.jpg,ADT45
202316.jpg,IR20
202317.jpg,AtchayaPonni
202318.jpg,IR20
202319.jpg,RR
202320.jpg,IR20
202321.jpg,Surya
202322.jpg,Surya
202323.jpg,IR20
202324.jpg,IR20
202325.jpg,Surya
202326.jpg,Surya
202327.jpg,ADT45
202328.jpg,IR20
202329.jpg,Surya
202330.jpg,Surya
202331.jpg,KarnatakaPonni
202332.jpg,IR20
202333.jpg,IR20
202334.jpg,IR20
202335.jpg,ADT45
202336.jpg,IR20
202337.jpg,IR20
202338.jpg,IR20
202339.jpg,RR
202340.jpg,ADT45
202341.jpg,Surya
202342.jpg,ADT45
202343.jpg,AndraPonni
202344.jpg,Surya
202345.jpg,IR20
202346.jpg,ADT45
202347.jpg,IR20
202348.jpg,IR20
202349.jpg,ADT45
202350.jpg,Surya
202351.jpg,RR
202352.jpg,IR20
202353.jpg,IR20
202354.jpg,Surya
202355.jpg,Surya
202356.jpg,Surya
202357.jpg,Surya
202358.jpg,Surya
202359.jpg,IR20
202360.jpg,Surya
202361.jpg,Surya
202362.jpg,IR20
202363.jpg,Surya
202364.jpg,ADT45
202365.jpg,ADT45
202366.jpg,IR20
202367.jpg,KarnatakaPonni
202368.jpg,Surya
202369.jpg,IR20
202370.jpg,Ponni
202371.jpg,RR
202372.jpg,ADT45
202373.jpg,Surya
202374.jpg,Surya
202375.jpg,Surya
202376.jpg,Onthanel
202377.jpg,Surya
202378.jpg,IR20
202379.jpg,IR20
202380.jpg,IR20
202381.jpg,ADT45
202382.jpg,Surya
202383.jpg,Surya
202384.jpg,ADT45
202385.jpg,Surya
202386.jpg,IR20
202387.jpg,ADT45
202388.jpg,Surya
202389.jpg,IR20
202390.jpg,IR20
202391.jpg,IR20
202392.jpg,IR20
202393.jpg,IR20
202394.jpg,Surya
202395.jpg,Surya
202396.jpg,Surya
202397.jpg,Surya
202398.jpg,RR
202399.jpg,AndraPonni
202400.jpg,IR20
202401.jpg,Surya
202402.jpg,Surya
202403.jpg,Zonal
202404.jpg,IR20
202405.jpg,IR20
202406.jpg,Surya
202407.jpg,ADT45
202408.jpg,Surya
202409.jpg,IR20
202410.jpg,ADT45
202411.jpg,ADT45
202412.jpg,IR20
202413.jpg,Surya
202414.jpg,ADT45
202415.jpg,IR20
202416.jpg,IR20
202417.jpg,IR20
202418.jpg,ADT45
202419.jpg,ADT45
202420.jpg,Surya
202421.jpg,Surya
202422.jpg,IR20
202423.jpg,ADT45
202424.jpg,Surya
202425.jpg,ADT45
202426.jpg,Surya
202427.jpg,Onthanel
202428.jpg,IR20
202429.jpg,IR20
202430.jpg,Onthanel
202431.jpg,ADT45
202432.jpg,ADT45
202433.jpg,Surya
202434.jpg,IR20
202435.jpg,RR
202436.jpg,RR
202437.jpg,IR20
202438.jpg,Surya
202439.jpg,Surya
202440.jpg,IR20
202441.jpg,Surya
202442.jpg,IR20
202443.jpg,IR20
202444.jpg,IR20
202445.jpg,Surya
202446.jpg,IR20
202447.jpg,IR20
202448.jpg,IR20
202449.jpg,RR
202450.jpg,Surya
202451.jpg,IR20
202452.jpg,IR20
202453.jpg,Surya
202454.jpg,ADT45
202455.jpg,IR20
202456.jpg,IR20
202457.jpg,IR20
202458.jpg,IR20
202459.jpg,IR20
202460.jpg,IR20
202461.jpg,Surya
202462.jpg,IR20
202463.jpg,ADT45
202464.jpg,KarnatakaPonni
202465.jpg,IR20
202466.jpg,Surya
202467.jpg,RR
202468.jpg,IR20
202469.jpg,RR
202470.jpg,KarnatakaPonni
202471.jpg,ADT45
202472.jpg,Surya
202473.jpg,Surya
202474.jpg,Surya
202475.jpg,RR
202476.jpg,IR20
202477.jpg,ADT45
202478.jpg,IR20
202479.jpg,ADT45
202480.jpg,IR20
202481.jpg,IR20
202482.jpg,ADT45
202483.jpg,Surya
202484.jpg,IR20
202485.jpg,IR20
202486.jpg,Surya
202487.jpg,Surya
202488.jpg,Surya
202489.jpg,KarnatakaPonni
202490.jpg,IR20
202491.jpg,Surya
202492.jpg,IR20
202493.jpg,ADT45
202494.jpg,IR20
202495.jpg,ADT45
202496.jpg,Surya
202497.jpg,IR20
202498.jpg,IR20
202499.jpg,IR20
202500.jpg,IR20
202501.jpg,IR20
202502.jpg,Surya
202503.jpg,Surya
202504.jpg,IR20
202505.jpg,Surya
202506.jpg,KarnatakaPonni
202507.jpg,ADT45
202508.jpg,Surya
202509.jpg,Surya
202510.jpg,Surya
202511.jpg,IR20
202512.jpg,ADT45
202513.jpg,Surya
202514.jpg,IR20
202515.jpg,ADT45
202516.jpg,ADT45
202517.jpg,IR20
202518.jpg,KarnatakaPonni
202519.jpg,RR
202520.jpg,IR20
202521.jpg,IR20
202522.jpg,IR20
202523.jpg,IR20
202524.jpg,Surya
202525.jpg,IR20
202526.jpg,IR20
202527.jpg,Surya
202528.jpg,IR20
202529.jpg,ADT45
202530.jpg,RR
202531.jpg,IR20
202532.jpg,ADT45
202533.jpg,ADT45
202534.jpg,IR20
202535.jpg,IR20
202536.jpg,Surya
202537.jpg,Surya
202538.jpg,ADT45
202539.jpg,ADT45
202540.jpg,IR20
202541.jpg,IR20
202542.jpg,IR20
202543.jpg,ADT45
202544.jpg,Onthanel
202545.jpg,Surya
202546.jpg,ADT45
202547.jpg,Surya
202548.jpg,Surya
202549.jpg,Surya
202550.jpg,RR
202551.jpg,Surya
202552.jpg,Surya
202553.jpg,ADT45
202554.jpg,Surya
202555.jpg,IR20
202556.jpg,IR20
202557.jpg,ADT45
202558.jpg,Surya
202559.jpg,IR20
202560.jpg,IR20
202561.jpg,IR20
202562.jpg,Surya
202563.jpg,Surya
202564.jpg,IR20
202565.jpg,IR20
202566.jpg,Surya
202567.jpg,ADT45
202568.jpg,IR20
202569.jpg,Surya
202570.jpg,Surya
202571.jpg,IR20
202572.jpg,IR20
202573.jpg,Surya
202574.jpg,IR20
202575.jpg,Surya
202576.jpg,ADT45
202577.jpg,IR20
202578.jpg,Zonal
202579.jpg,Surya
202580.jpg,Surya
202581.jpg,ADT45
202582.jpg,Surya
202583.jpg,IR20
202584.jpg,Surya
202585.jpg,Surya
202586.jpg,Onthanel
202587.jpg,ADT45
202588.jpg,IR20
202589.jpg,Surya
202590.jpg,Surya
202591.jpg,IR20
202592.jpg,IR20
202593.jpg,IR20
202594.jpg,IR20
202595.jpg,ADT45
202596.jpg,Surya
202597.jpg,Surya
202598.jpg,IR20
202599.jpg,ADT45
202600.jpg,Surya
202601.jpg,IR20
202602.jpg,ADT45
202603.jpg,IR20
202604.jpg,Onthanel
202605.jpg,Surya
202606.jpg,ADT45
202607.jpg,IR20
202608.jpg,IR20
202609.jpg,Surya
202610.jpg,IR20
202611.jpg,IR20
202612.jpg,IR20
202613.jpg,IR20
202614.jpg,Surya
202615.jpg,RR
202616.jpg,Surya
202617.jpg,RR
202618.jpg,IR20
202619.jpg,Surya
202620.jpg,IR20
202621.jpg,Surya
202622.jpg,AndraPonni
202623.jpg,IR20
202624.jpg,IR20
202625.jpg,Surya
202626.jpg,ADT45
202627.jpg,KarnatakaPonni
202628.jpg,IR20
202629.jpg,IR20
202630.jpg,IR20
202631.jpg,IR20
202632.jpg,Surya
202633.jpg,Surya
202634.jpg,IR20
202635.jpg,RR
202636.jpg,IR20
202637.jpg,IR20
202638.jpg,IR20
202639.jpg,IR20
202640.jpg,AtchayaPonni
202641.jpg,Surya
202642.jpg,IR20
202643.jpg,IR20
202644.jpg,ADT45
202645.jpg,Surya
202646.jpg,IR20
202647.jpg,ADT45
202648.jpg,ADT45
202649.jpg,IR20
202650.jpg,Surya
202651.jpg,Surya
202652.jpg,RR
202653.jpg,IR20
202654.jpg,ADT45
202655.jpg,IR20
202656.jpg,Surya
202657.jpg,IR20
202658.jpg,KarnatakaPonni
202659.jpg,IR20
202660.jpg,IR20
202661.jpg,ADT45
202662.jpg,ADT45
202663.jpg,ADT45
202664.jpg,IR20
202665.jpg,IR20
202666.jpg,Surya
202667.jpg,IR20
202668.jpg,IR20
202669.jpg,Surya
202670.jpg,Surya
202671.jpg,RR
202672.jpg,IR20
202673.jpg,IR20
202674.jpg,Surya
202675.jpg,KarnatakaPonni
202676.jpg,IR20
202677.jpg,IR20
202678.jpg,IR20
202679.jpg,IR20
202680.jpg,ADT45
202681.jpg,IR20
202682.jpg,IR20
202683.jpg,IR20
202684.jpg,IR20
202685.jpg,IR20
202686.jpg,Surya
202687.jpg,Surya
202688.jpg,IR20
202689.jpg,ADT45
202690.jpg,IR20
202691.jpg,ADT45
202692.jpg,KarnatakaPonni
202693.jpg,IR20
202694.jpg,ADT45
202695.jpg,IR20
202696.jpg,IR20
202697.jpg,Surya
202698.jpg,Surya
202699.jpg,IR20
202700.jpg,IR20
202701.jpg,IR20
202702.jpg,IR20
202703.jpg,Surya
202704.jpg,IR20
202705.jpg,IR20
202706.jpg,Surya
202707.jpg,IR20
202708.jpg,Surya
202709.jpg,IR20
202710.jpg,Surya
202711.jpg,IR20
202712.jpg,ADT45
202713.jpg,IR20
202714.jpg,ADT45
202715.jpg,IR20
202716.jpg,Surya
202717.jpg,RR
202718.jpg,IR20
202719.jpg,Surya
202720.jpg,ADT45
202721.jpg,IR20
202722.jpg,Surya
202723.jpg,ADT45
202724.jpg,IR20
202725.jpg,IR20
202726.jpg,Surya
202727.jpg,IR20
202728.jpg,Surya
202729.jpg,IR20
202730.jpg,Surya
202731.jpg,Surya
202732.jpg,IR20
202733.jpg,IR20
202734.jpg,IR20
202735.jpg,ADT45
202736.jpg,IR20
202737.jpg,Surya
202738.jpg,ADT45
202739.jpg,IR20
202740.jpg,Surya
202741.jpg,IR20
202742.jpg,Surya
202743.jpg,RR
202744.jpg,IR20
202745.jpg,IR20
202746.jpg,IR20
202747.jpg,IR20
202748.jpg,IR20
202749.jpg,ADT45
202750.jpg,ADT45
202751.jpg,ADT45
202752.jpg,IR20
202753.jpg,IR20
202754.jpg,ADT45
202755.jpg,RR
202756.jpg,IR20
202757.jpg,RR
202758.jpg,IR20
202759.jpg,Surya
202760.jpg,IR20
202761.jpg,ADT45
202762.jpg,Surya
202763.jpg,IR20
202764.jpg,ADT45
202765.jpg,KarnatakaPonni
202766.jpg,IR20
202767.jpg,Zonal
202768.jpg,Surya
202769.jpg,ADT45
202770.jpg,IR20
202771.jpg,ADT45
202772.jpg,ADT45
202773.jpg,IR20
202774.jpg,RR
202775.jpg,Surya
202776.jpg,Surya
202777.jpg,RR
202778.jpg,RR
202779.jpg,IR20
202780.jpg,IR20
202781.jpg,ADT45
202782.jpg,IR20
202783.jpg,Zonal
202784.jpg,ADT45
202785.jpg,Surya
202786.jpg,Surya
202787.jpg,IR20
202788.jpg,IR20
202789.jpg,ADT45
202790.jpg,ADT45
202791.jpg,RR
202792.jpg,IR20
202793.jpg,ADT45
202794.jpg,IR20
202795.jpg,Surya
202796.jpg,Surya
202797.jpg,IR20
202798.jpg,Surya
202799.jpg,IR20
202800.jpg,IR20
202801.jpg,IR20
202802.jpg,IR20
202803.jpg,Surya
202804.jpg,IR20
202805.jpg,IR20
202806.jpg,ADT45
202807.jpg,Surya
202808.jpg,IR20
202809.jpg,IR20
202810.jpg,IR20
202811.jpg,ADT45
202812.jpg,Surya
202813.jpg,Surya
202814.jpg,Surya
202815.jpg,ADT45
202816.jpg,ADT45
202817.jpg,IR20
202818.jpg,IR20
202819.jpg,Onthanel
202820.jpg,IR20
202821.jpg,Surya
202822.jpg,IR20
202823.jpg,Surya
202824.jpg,Surya
202825.jpg,ADT45
202826.jpg,ADT45
202827.jpg,Surya
202828.jpg,IR20
202829.jpg,RR
202830.jpg,IR20
202831.jpg,Surya
202832.jpg,Surya
202833.jpg,Surya
202834.jpg,Surya
202835.jpg,RR
202836.jpg,RR
202837.jpg,ADT45
202838.jpg,Surya
202839.jpg,ADT45
202840.jpg,IR20
202841.jpg,ADT45
202842.jpg,Surya
202843.jpg,ADT45
202844.jpg,IR20
202845.jpg,ADT45
202846.jpg,ADT45
202847.jpg,Surya
202848.jpg,Surya
202849.jpg,Surya
202850.jpg,RR
202851.jpg,ADT45
202852.jpg,KarnatakaPonni
202853.jpg,Surya
202854.jpg,ADT45
202855.jpg,IR20
202856.jpg,ADT45
202857.jpg,KarnatakaPonni
202858.jpg,IR20
202859.jpg,IR20
202860.jpg,IR20
202861.jpg,Surya
202862.jpg,Surya
202863.jpg,IR20
202864.jpg,IR20
202865.jpg,KarnatakaPonni
202866.jpg,ADT45
202867.jpg,IR20
202868.jpg,Surya
202869.jpg,IR20
202870.jpg,Surya
202871.jpg,IR20
202872.jpg,ADT45
202873.jpg,Surya
202874.jpg,ADT45
202875.jpg,IR20
202876.jpg,Surya
202877.jpg,ADT45
202878.jpg,Surya
202879.jpg,ADT45
202880.jpg,Ponni
202881.jpg,Surya
202882.jpg,IR20
202883.jpg,RR
202884.jpg,IR20
202885.jpg,IR20
202886.jpg,ADT45
202887.jpg,IR20
202888.jpg,IR20
202889.jpg,IR20
202890.jpg,IR20
202891.jpg,Surya
202892.jpg,IR20
202893.jpg,ADT45
202894.jpg,IR20
202895.jpg,Surya
202896.jpg,RR
202897.jpg,Surya
202898.jpg,Surya
202899.jpg,IR20
202900.jpg,Surya
202901.jpg,ADT45
202902.jpg,ADT45
202903.jpg,ADT45
202904.jpg,IR20
202905.jpg,IR20
202906.jpg,Ponni
202907.jpg,Surya
202908.jpg,IR20
202909.jpg,IR20
202910.jpg,ADT45
202911.jpg,IR20
202912.jpg,ADT45
202913.jpg,IR20
202914.jpg,ADT45
202915.jpg,Surya
202916.jpg,ADT45
202917.jpg,RR
202918.jpg,ADT45
202919.jpg,RR
202920.jpg,Surya
202921.jpg,Surya
202922.jpg,IR20
202923.jpg,Surya
202924.jpg,IR20
202925.jpg,ADT45
202926.jpg,RR
202927.jpg,IR20
202928.jpg,Surya
202929.jpg,IR20
202930.jpg,Surya
202931.jpg,Surya
202932.jpg,IR20
202933.jpg,ADT45
202934.jpg,Surya
202935.jpg,AndraPonni
202936.jpg,IR20
202937.jpg,IR20
202938.jpg,IR20
202939.jpg,IR20
202940.jpg,Surya
202941.jpg,Surya
202942.jpg,IR20
202943.jpg,IR20
202944.jpg,RR
202945.jpg,KarnatakaPonni
202946.jpg,IR20
202947.jpg,ADT45
202948.jpg,Surya
202949.jpg,IR20
202950.jpg,IR20
202951.jpg,Surya
202952.jpg,IR20
202953.jpg,Onthanel
202954.jpg,Onthanel
202955.jpg,ADT45
202956.jpg,IR20
202957.jpg,IR20
202958.jpg,Surya
202959.jpg,IR20
202960.jpg,Surya
202961.jpg,IR20
202962.jpg,Surya
202963.jpg,Surya
202964.jpg,ADT45
202965.jpg,Surya
202966.jpg,IR20
202967.jpg,ADT45
202968.jpg,IR20
202969.jpg,Ponni
202970.jpg,IR20
202971.jpg,Surya
202972.jpg,IR20
202973.jpg,IR20
202974.jpg,IR20
202975.jpg,IR20
202976.jpg,IR20
202977.jpg,IR20
202978.jpg,Surya
202979.jpg,IR20
202980.jpg,IR20
202981.jpg,RR
202982.jpg,ADT45
202983.jpg,Surya
202984.jpg,IR20
202985.jpg,IR20
202986.jpg,IR20
202987.jpg,IR20
202988.jpg,IR20
202989.jpg,IR20
202990.jpg,IR20
202991.jpg,IR20
202992.jpg,ADT45
202993.jpg,ADT45
202994.jpg,IR20
202995.jpg,Surya
202996.jpg,ADT45
202997.jpg,IR20
202998.jpg,IR20
202999.jpg,IR20
203000.jpg,IR20
203001.jpg,ADT45
203002.jpg,Surya
203003.jpg,RR
203004.jpg,IR20
203005.jpg,Surya
203006.jpg,Surya
203007.jpg,ADT45
203008.jpg,IR20
203009.jpg,ADT45
203010.jpg,IR20
203011.jpg,Surya
203012.jpg,ADT45
203013.jpg,IR20
203014.jpg,IR20
203015.jpg,KarnatakaPonni
203016.jpg,Surya
203017.jpg,IR20
203018.jpg,Surya
203019.jpg,IR20
203020.jpg,IR20
203021.jpg,IR20
203022.jpg,IR20
203023.jpg,IR20
203024.jpg,Surya
203025.jpg,ADT45
203026.jpg,IR20
203027.jpg,KarnatakaPonni
203028.jpg,ADT45
203029.jpg,IR20
203030.jpg,Surya
203031.jpg,ADT45
203032.jpg,Surya
203033.jpg,ADT45
203034.jpg,IR20
203035.jpg,IR20
203036.jpg,Surya
203037.jpg,IR20
203038.jpg,IR20
203039.jpg,IR20
203040.jpg,Surya
203041.jpg,Surya
203042.jpg,ADT45
203043.jpg,ADT45
203044.jpg,RR
203045.jpg,Surya
203046.jpg,ADT45
203047.jpg,IR20
203048.jpg,IR20
203049.jpg,RR
203050.jpg,Surya
203051.jpg,ADT45
203052.jpg,ADT45
203053.jpg,Surya
203054.jpg,IR20
203055.jpg,ADT45
203056.jpg,RR
203057.jpg,IR20
203058.jpg,IR20
203059.jpg,IR20
203060.jpg,IR20
203061.jpg,IR20
203062.jpg,IR20
203063.jpg,IR20
203064.jpg,KarnatakaPonni
203065.jpg,Surya
203066.jpg,ADT45
203067.jpg,IR20
203068.jpg,Surya
203069.jpg,IR20
203070.jpg,IR20
203071.jpg,Surya
203072.jpg,IR20
203073.jpg,IR20
203074.jpg,ADT45
203075.jpg,Surya
203076.jpg,Surya
203077.jpg,ADT45
203078.jpg,Surya
203079.jpg,Surya
203080.jpg,Surya
203081.jpg,Surya
203082.jpg,Surya
203083.jpg,IR20
203084.jpg,IR20
203085.jpg,KarnatakaPonni
203086.jpg,ADT45
203087.jpg,RR
203088.jpg,RR
203089.jpg,IR20
203090.jpg,Surya
203091.jpg,ADT45
203092.jpg,ADT45
203093.jpg,ADT45
203094.jpg,Surya
203095.jpg,Surya
203096.jpg,KarnatakaPonni
203097.jpg,IR20
203098.jpg,KarnatakaPonni
203099.jpg,ADT45
203100.jpg,IR20
203101.jpg,Surya
203102.jpg,IR20
203103.jpg,RR
203104.jpg,Onthanel
203105.jpg,IR20
203106.jpg,IR20
203107.jpg,Surya
203108.jpg,IR20
203109.jpg,Surya
203110.jpg,ADT45
203111.jpg,ADT45
203112.jpg,Surya
203113.jpg,ADT45
203114.jpg,Surya
203115.jpg,IR20
203116.jpg,Surya
203117.jpg,IR20
203118.jpg,IR20
203119.jpg,RR
203120.jpg,KarnatakaPonni
203121.jpg,Surya
203122.jpg,RR
203123.jpg,IR20
203124.jpg,Surya
203125.jpg,ADT45
203126.jpg,IR20
203127.jpg,RR
203128.jpg,ADT45
203129.jpg,Surya
203130.jpg,ADT45
203131.jpg,ADT45
203132.jpg,IR20
203133.jpg,Surya
203134.jpg,Zonal
203135.jpg,RR
203136.jpg,Surya
203137.jpg,ADT45
203138.jpg,IR20
203139.jpg,IR20
203140.jpg,ADT45
203141.jpg,IR20
203142.jpg,IR20
203143.jpg,RR
203144.jpg,ADT45
203145.jpg,Surya
203146.jpg,ADT45
203147.jpg,Surya
203148.jpg,Surya
203149.jpg,ADT45
203150.jpg,IR20
203151.jpg,RR
203152.jpg,RR
203153.jpg,IR20
203154.jpg,Surya
203155.jpg,ADT45
203156.jpg,AndraPonni
203157.jpg,Surya
203158.jpg,Onthanel
203159.jpg,ADT45
203160.jpg,Surya
203161.jpg,IR20
203162.jpg,ADT45
203163.jpg,Surya
203164.jpg,ADT45
203165.jpg,Surya
203166.jpg,ADT45
203167.jpg,IR20
203168.jpg,Surya
203169.jpg,IR20
203170.jpg,Surya
203171.jpg,Surya
203172.jpg,Surya
203173.jpg,IR20
203174.jpg,IR20
203175.jpg,IR20
203176.jpg,IR20
203177.jpg,IR20
203178.jpg,RR
203179.jpg,ADT45
203180.jpg,IR20
203181.jpg,KarnatakaPonni
203182.jpg,IR20
203183.jpg,Surya
203184.jpg,ADT45
203185.jpg,IR20
203186.jpg,IR20
203187.jpg,IR20
203188.jpg,ADT45
203189.jpg,Surya
203190.jpg,Surya
203191.jpg,Surya
203192.jpg,RR
203193.jpg,ADT45
203194.jpg,RR
203195.jpg,ADT45
203196.jpg,ADT45
203197.jpg,RR
203198.jpg,Surya
203199.jpg,RR
203200.jpg,ADT45
203201.jpg,ADT45
203202.jpg,ADT45
203203.jpg,Surya
203204.jpg,Surya
203205.jpg,Surya
203206.jpg,ADT45
203207.jpg,Surya
203208.jpg,IR20
203209.jpg,RR
203210.jpg,IR20
203211.jpg,IR20
203212.jpg,ADT45
203213.jpg,ADT45
203214.jpg,ADT45
203215.jpg,RR
203216.jpg,ADT45
203217.jpg,IR20
203218.jpg,ADT45
203219.jpg,IR20
203220.jpg,IR20
203221.jpg,IR20
203222.jpg,ADT45
203223.jpg,KarnatakaPonni
203224.jpg,Surya
203225.jpg,ADT45
203226.jpg,IR20
203227.jpg,Surya
203228.jpg,ADT45
203229.jpg,IR20
203230.jpg,Surya
203231.jpg,Surya
203232.jpg,Surya
203233.jpg,ADT45
203234.jpg,IR20
203235.jpg,Surya
203236.jpg,Surya
203237.jpg,RR
203238.jpg,IR20
203239.jpg,ADT45
203240.jpg,IR20
203241.jpg,Onthanel
203242.jpg,Surya
203243.jpg,IR20
203244.jpg,Surya
203245.jpg,IR20
203246.jpg,IR20
203247.jpg,Surya
203248.jpg,IR20
203249.jpg,Surya
203250.jpg,ADT45
203251.jpg,ADT45
203252.jpg,ADT45
203253.jpg,Surya
203254.jpg,IR20
203255.jpg,ADT45
203256.jpg,IR20
203257.jpg,KarnatakaPonni
203258.jpg,IR20
203259.jpg,Surya
203260.jpg,RR
203261.jpg,IR20
203262.jpg,IR20
203263.jpg,ADT45
203264.jpg,IR20
203265.jpg,ADT45
203266.jpg,ADT45
203267.jpg,Surya
203268.jpg,IR20
203269.jpg,Surya
203270.jpg,Surya
203271.jpg,ADT45
203272.jpg,Surya
203273.jpg,KarnatakaPonni
203274.jpg,Surya
203275.jpg,IR20
203276.jpg,IR20
203277.jpg,Onthanel
203278.jpg,ADT45
203279.jpg,IR20
203280.jpg,ADT45
203281.jpg,ADT45
203282.jpg,Surya
203283.jpg,KarnatakaPonni
203284.jpg,Surya
203285.jpg,ADT45
203286.jpg,Surya
203287.jpg,IR20
203288.jpg,ADT45
203289.jpg,Zonal
203290.jpg,Surya
203291.jpg,ADT45
203292.jpg,IR20
203293.jpg,ADT45
203294.jpg,Surya
203295.jpg,Surya
203296.jpg,Surya
203297.jpg,ADT45
203298.jpg,IR20
203299.jpg,IR20
203300.jpg,ADT45
203301.jpg,ADT45
203302.jpg,IR20
203303.jpg,IR20
203304.jpg,Surya
203305.jpg,IR20
203306.jpg,IR20
203307.jpg,RR
203308.jpg,AndraPonni
203309.jpg,Surya
203310.jpg,Surya
203311.jpg,ADT45
203312.jpg,IR20
203313.jpg,Surya
203314.jpg,ADT45
203315.jpg,Surya
203316.jpg,IR20
203317.jpg,ADT45
203318.jpg,ADT45
203319.jpg,Surya
203320.jpg,Surya
203321.jpg,ADT45
203322.jpg,Surya
203323.jpg,ADT45
203324.jpg,Surya
203325.jpg,IR20
203326.jpg,IR20
203327.jpg,IR20
203328.jpg,Surya
203329.jpg,AtchayaPonni
203330.jpg,IR20
203331.jpg,Surya
203332.jpg,Surya
203333.jpg,ADT45
203334.jpg,RR
203335.jpg,IR20
203336.jpg,IR20
203337.jpg,ADT45
203338.jpg,RR
203339.jpg,Surya
203340.jpg,Surya
203341.jpg,IR20
203342.jpg,IR20
203343.jpg,IR20
203344.jpg,RR
203345.jpg,ADT45
203346.jpg,Surya
203347.jpg,IR20
203348.jpg,Surya
203349.jpg,Surya
203350.jpg,IR20
203351.jpg,IR20
203352.jpg,IR20
203353.jpg,IR20
203354.jpg,IR20
203355.jpg,ADT45
203356.jpg,ADT45
203357.jpg,Surya
203358.jpg,ADT45
203359.jpg,IR20
203360.jpg,Zonal
203361.jpg,IR20
203362.jpg,IR20
203363.jpg,IR20
203364.jpg,ADT45
203365.jpg,IR20
203366.jpg,Surya
203367.jpg,IR20
203368.jpg,Surya
203369.jpg,IR20
203370.jpg,IR20
203371.jpg,IR20
203372.jpg,Surya
203373.jpg,Surya
203374.jpg,IR20
203375.jpg,ADT45
203376.jpg,Surya
203377.jpg,IR20
203378.jpg,IR20
203379.jpg,Surya
203380.jpg,RR
203381.jpg,IR20
203382.jpg,Surya
203383.jpg,IR20
203384.jpg,IR20
203385.jpg,IR20
203386.jpg,Surya
203387.jpg,Surya
203388.jpg,IR20
203389.jpg,ADT45
203390.jpg,RR
203391.jpg,IR20
203392.jpg,Surya
203393.jpg,IR20
203394.jpg,Surya
203395.jpg,IR20
203396.jpg,Surya
203397.jpg,IR20
203398.jpg,IR20
203399.jpg,ADT45
203400.jpg,IR20
203401.jpg,IR20
203402.jpg,Surya
203403.jpg,ADT45
203404.jpg,KarnatakaPonni
203405.jpg,IR20
203406.jpg,IR20
203407.jpg,AtchayaPonni
203408.jpg,IR20
203409.jpg,Surya
203410.jpg,RR
203411.jpg,Surya
203412.jpg,IR20
203413.jpg,Surya
203414.jpg,RR
203415.jpg,IR20
203416.jpg,IR20
203417.jpg,ADT45
203418.jpg,IR20
203419.jpg,ADT45
203420.jpg,Onthanel
203421.jpg,RR
203422.jpg,IR20
203423.jpg,Surya
203424.jpg,IR20
203425.jpg,ADT45
203426.jpg,IR20
203427.jpg,IR20
203428.jpg,IR20
203429.jpg,Surya
203430.jpg,ADT45
203431.jpg,IR20
203432.jpg,KarnatakaPonni
203433.jpg,ADT45
203434.jpg,ADT45
203435.jpg,ADT45
203436.jpg,IR20
203437.jpg,IR20
203438.jpg,ADT45
203439.jpg,AndraPonni
203440.jpg,IR20
203441.jpg,IR20
203442.jpg,RR
203443.jpg,IR20
203444.jpg,IR20
203445.jpg,IR20
203446.jpg,ADT45
203447.jpg,Surya
203448.jpg,ADT45
203449.jpg,Surya
203450.jpg,IR20
203451.jpg,ADT45
203452.jpg,Surya
203453.jpg,Surya
203454.jpg,Surya
203455.jpg,IR20
203456.jpg,IR20
203457.jpg,IR20
203458.jpg,Surya
203459.jpg,IR20
203460.jpg,Surya
203461.jpg,Surya
203462.jpg,IR20
203463.jpg,ADT45
203464.jpg,ADT45
203465.jpg,IR20
203466.jpg,ADT45
203467.jpg,IR20
203468.jpg,RR
203469.jpg,IR20
